season,as_of_date,ranking_type,scoring_profile,league_size,position,position_rank,tier_number,tier_rank,tier_size,tier_value_multiplier,player_id,player_name,player_slug,team,bye_week,age,experience,adp_round_pick,adp_overall,risk_score,upside_score,tags,is_my_guy,is_value,is_bust,is_sleeper,is_rookie,is_injury_concern,is_breakout,source_page,source_cheatsheet_id,source_url
2026,2026-08-31,redraft,The Fear Boners,12,QB,1,1,1,1,1,19801,Josh Allen,josh-allen,BUF,7,,9,2.09,21,2.6,9.7,,0,0,0,0,0,0,0,1,250232f4-832f-4d1f-ab0b-5023d71d29af,https://www.thefantasyfootballers.com/2026-ultimate-draft-kit/udk-cheatsheets/
2026,2026-08-31,redraft,The Fear Boners,12,QB,2,2,1,1,0.95,19781,Lamar Jackson,lamar-jackson,BAL,13,,9,3.07,31.2,5.5,9,,0,0,0,0,0,0,0,1,250232f4-832f-4d1f-ab0b-5023d71d29af,https://www.thefantasyfootballers.com/2026-ultimate-draft-kit/udk-cheatsheets/
2026,2026-08-31,redraft,The Fear Boners,12,QB,3,3,1,1,0.87,21831,Jalen Hurts,jalen-hurts,PHI,10,,7,5.12,60,3.8,5.8,,0,0,0,0,0,0,0,1,250232f4-832f-4d1f-ab0b-5023d71d29af,https://www.thefantasyfootballers.com/2026-ultimate-draft-kit/udk-cheatsheets/
2026,2026-08-31,redraft,The Fear Boners,12,QB,4,4,1,5,0.85,23235,Jayden Daniels,jayden-daniels,WAS,7,,3,6.07,66.6,4.7,6.2,,0,0,0,0,0,0,0,1,250232f4-832f-4d1f-ab0b-5023d71d29af,https://www.thefantasyfootballers.com/2026-ultimate-draft-kit/udk-cheatsheets/
2026,2026-08-31,redraft,The Fear Boners,12,QB,5,4,2,5,0.85,21693,Joe Burrow,joe-burrow,CIN,6,,7,5.03,51.4,5.5,8.9,,0,0,0,0,0,0,0,1,250232f4-832f-4d1f-ab0b-5023d71d29af,https://www.thefantasyfootballers.com/2026-ultimate-draft-kit/udk-cheatsheets/
2026,2026-08-31,redraft,The Fear Boners,12,QB,6,4,3,5,0.85,24958,Drake Maye,drake-maye,NE,11,,3,4.11,47.1,4.1,8.2,,0,0,0,0,0,0,0,1,250232f4-832f-4d1f-ab0b-5023d71d29af,https://www.thefantasyfootballers.com/2026-ultimate-draft-kit/udk-cheatsheets/
2026,2026-08-31,redraft,The Fear Boners,12,QB,7,4,4,5,0.85,26082,Jaxson Dart,jaxson-dart,NYG,8,,2,8.11,94.5,5.7,8.2,breakout,0,0,0,0,0,0,1,1,250232f4-832f-4d1f-ab0b-5023d71d29af,https://www.thefantasyfootballers.com/2026-ultimate-draft-kit/udk-cheatsheets/
2026,2026-08-31,redraft,The Fear Boners,12,QB,8,4,5,5,0.85,24927,Caleb Williams,caleb-williams,CHI,10,,3,6.11,71,5.8,7.8,my_guy,1,0,0,0,0,0,0,1,250232f4-832f-4d1f-ab0b-5023d71d29af,https://www.thefantasyfootballers.com/2026-ultimate-draft-kit/udk-cheatsheets/
2026,2026-08-31,redraft,The Fear Boners,12,QB,9,5,1,2,0.82,22490,Trevor Lawrence,trevor-lawrence,JAX,7,,6,9.05,100.7,4.9,7.7,breakout,0,0,0,0,0,0,1,1,250232f4-832f-4d1f-ab0b-5023d71d29af,https://www.thefantasyfootballers.com/2026-ultimate-draft-kit/udk-cheatsheets/
2026,2026-08-31,redraft,The Fear Boners,12,QB,10,5,2,2,0.82,18055,Dak Prescott,dak-prescott,DAL,14,,11,7.06,77.5,4.1,7.7,value,0,1,0,0,0,0,0,1,250232f4-832f-4d1f-ab0b-5023d71d29af,https://www.thefantasyfootballers.com/2026-ultimate-draft-kit/udk-cheatsheets/
2026,2026-08-31,redraft,The Fear Boners,12,QB,11,6,1,10,0.795,21681,Justin Herbert,justin-herbert,LAC,7,,7,7.10,82.1,4.8,7.8,,0,0,0,0,0,0,0,1,250232f4-832f-4d1f-ab0b-5023d71d29af,https://www.thefantasyfootballers.com/2026-ultimate-draft-kit/udk-cheatsheets/
2026,2026-08-31,redraft,The Fear Boners,12,QB,12,6,2,10,0.795,25069,Bo Nix,bo-nix,DEN,10,,3,10.09,116.5,4.6,6.8,injured,0,0,0,0,0,1,0,1,250232f4-832f-4d1f-ab0b-5023d71d29af,https://www.thefantasyfootballers.com/2026-ultimate-draft-kit/udk-cheatsheets/
2026,2026-08-31,redraft,The Fear Boners,12,QB,13,6,3,10,0.795,17922,Jared Goff,jared-goff,DET,6,,11,11.12,131.7,2.8,7.2,,0,0,0,0,0,0,0,1,250232f4-832f-4d1f-ab0b-5023d71d29af,https://www.thefantasyfootballers.com/2026-ultimate-draft-kit/udk-cheatsheets/
2026,2026-08-31,redraft,The Fear Boners,12,QB,14,6,4,10,0.795,9038,Matthew Stafford,matthew-stafford,LAR,11,,18,8.11,95.3,4.4,5.1,value,0,1,0,0,0,0,0,1,250232f4-832f-4d1f-ab0b-5023d71d29af,https://www.thefantasyfootballers.com/2026-ultimate-draft-kit/udk-cheatsheets/
2026,2026-08-31,redraft,The Fear Boners,12,QB,15,6,5,10,0.795,23241,Brock Purdy,brock-purdy,SF,8,,5,11.03,123.3,4.2,7.5,value,0,1,0,0,0,0,0,1,250232f4-832f-4d1f-ab0b-5023d71d29af,https://www.thefantasyfootballers.com/2026-ultimate-draft-kit/udk-cheatsheets/
2026,2026-08-31,redraft,The Fear Boners,12,QB,16,6,6,10,0.795,21841,Jordan Love,jordan-love,GB,11,,7,13.07,150.7,3.3,6.2,bust,0,0,1,0,0,0,0,1,250232f4-832f-4d1f-ab0b-5023d71d29af,https://www.thefantasyfootballers.com/2026-ultimate-draft-kit/udk-cheatsheets/
2026,2026-08-31,redraft,The Fear Boners,12,QB,17,6,7,10,0.795,23187,Tyler Shough,tyler-shough,NO,8,,2,16.07,187.3,4.3,7.3,sleeper,0,0,0,1,0,0,0,1,250232f4-832f-4d1f-ab0b-5023d71d29af,https://www.thefantasyfootballers.com/2026-ultimate-draft-kit/udk-cheatsheets/
2026,2026-08-31,redraft,The Fear Boners,12,QB,18,6,8,10,0.795,20889,Kyler Murray,kyler-murray,MIN,6,,8,14.06,161.6,7.5,7.5,,0,0,0,0,0,0,0,1,250232f4-832f-4d1f-ab0b-5023d71d29af,https://www.thefantasyfootballers.com/2026-ultimate-draft-kit/udk-cheatsheets/
2026,2026-08-31,redraft,The Fear Boners,12,QB,19,6,9,10,0.795,19790,Baker Mayfield,baker-mayfield,TB,10,,9,12.11,143.3,4.1,6.8,,0,0,0,0,0,0,0,1,250232f4-832f-4d1f-ab0b-5023d71d29af,https://www.thefantasyfootballers.com/2026-ultimate-draft-kit/udk-cheatsheets/
2026,2026-08-31,redraft,The Fear Boners,12,QB,20,6,10,10,0.795,18890,Patrick Mahomes,patrick-mahomes,KC,5,,10,10.02,110,5.3,8.2,bust|injured,0,0,1,0,0,1,0,1,250232f4-832f-4d1f-ab0b-5023d71d29af,https://www.thefantasyfootballers.com/2026-ultimate-draft-kit/udk-cheatsheets/
2026,2026-08-31,redraft,The Fear Boners,12,QB,21,7,1,1,0.725,23118,Malik Willis,malik-willis,MIA,6,,5,18.04,208.4,5.3,8,sleeper,0,0,0,1,0,0,0,1,250232f4-832f-4d1f-ab0b-5023d71d29af,https://www.thefantasyfootballers.com/2026-ultimate-draft-kit/udk-cheatsheets/
2026,2026-08-31,redraft,The Fear Boners,12,QB,22,8,1,6,0.66,25323,Cam Ward,cameron-ward,TEN,9,,2,20.02,229.5,4.6,6,,0,0,0,0,0,0,0,1,250232f4-832f-4d1f-ab0b-5023d71d29af,https://www.thefantasyfootballers.com/2026-ultimate-draft-kit/udk-cheatsheets/
2026,2026-08-31,redraft,The Fear Boners,12,QB,23,8,2,6,0.66,23239,C.J. Stroud,cj-stroud,HOU,8,,4,18.02,205.7,4.2,6.1,,0,0,0,0,0,0,0,1,250232f4-832f-4d1f-ab0b-5023d71d29af,https://www.thefantasyfootballers.com/2026-ultimate-draft-kit/udk-cheatsheets/
2026,2026-08-31,redraft,The Fear Boners,12,QB,24,8,3,6,0.66,19812,Sam Darnold,sam-darnold,SEA,11,,9,14.07,163,4,6.2,,0,0,0,0,0,0,0,1,250232f4-832f-4d1f-ab0b-5023d71d29af,https://www.thefantasyfootballers.com/2026-ultimate-draft-kit/udk-cheatsheets/
2026,2026-08-31,redraft,The Fear Boners,12,QB,25,8,4,6,0.66,20841,Daniel Jones,daniel-jones,IND,13,,8,17.12,204.2,7.5,6.3,injured,0,0,0,0,0,1,0,1,250232f4-832f-4d1f-ab0b-5023d71d29af,https://www.thefantasyfootballers.com/2026-ultimate-draft-kit/udk-cheatsheets/
2026,2026-08-31,redraft,The Fear Boners,12,QB,26,8,5,6,0.66,2593,Aaron Rodgers,aaron-rodgers,PIT,9,,22,20.01,228.8,7,3.8,,0,0,0,0,0,0,0,1,250232f4-832f-4d1f-ab0b-5023d71d29af,https://www.thefantasyfootballers.com/2026-ultimate-draft-kit/udk-cheatsheets/
2026,2026-08-31,redraft,The Fear Boners,12,QB,27,8,6,6,0.66,23132,Bryce Young,bryce-young,CAR,5,,4,19.10,226.4,4,5.4,,0,0,0,0,0,0,0,1,250232f4-832f-4d1f-ab0b-5023d71d29af,https://www.thefantasyfootballers.com/2026-ultimate-draft-kit/udk-cheatsheets/
2026,2026-08-31,redraft,The Fear Boners,12,QB,28,9,1,9,0.5,14895,Geno Smith,geno-smith,NYJ,13,,14,,,4.9,3.9,,0,0,0,0,0,0,0,1,250232f4-832f-4d1f-ab0b-5023d71d29af,https://www.thefantasyfootballers.com/2026-ultimate-draft-kit/udk-cheatsheets/
2026,2026-08-31,redraft,The Fear Boners,12,QB,29,9,2,9,0.5,18018,Jacoby Brissett,jacoby-brissett,ARI,14,,11,21.03,243,4.7,6,,0,0,0,0,0,0,0,1,250232f4-832f-4d1f-ab0b-5023d71d29af,https://www.thefantasyfootballers.com/2026-ultimate-draft-kit/udk-cheatsheets/
2026,2026-08-31,redraft,The Fear Boners,12,QB,30,9,3,9,0.5,21677,Tua Tagovailoa,tua-tagovailoa,ATL,11,,7,20.09,236.5,5.5,4.3,,0,0,0,0,0,0,0,1,250232f4-832f-4d1f-ab0b-5023d71d29af,https://www.thefantasyfootballers.com/2026-ultimate-draft-kit/udk-cheatsheets/
2026,2026-08-31,redraft,The Fear Boners,12,QB,31,9,4,9,0.5,26079,Shedeur Sanders,shedeur-sanders,CLE,11,,2,20.08,236.1,8.1,5.8,,0,0,0,0,0,0,0,1,250232f4-832f-4d1f-ab0b-5023d71d29af,https://www.thefantasyfootballers.com/2026-ultimate-draft-kit/udk-cheatsheets/
2026,2026-08-31,redraft,The Fear Boners,12,QB,32,9,5,9,0.5,26740,Fernando Mendoza,fernando-mendoza,LV,13,,0,16.04,183.6,8.8,6.7,rookie,0,0,0,0,1,0,0,1,250232f4-832f-4d1f-ab0b-5023d71d29af,https://www.thefantasyfootballers.com/2026-ultimate-draft-kit/udk-cheatsheets/
2026,2026-08-31,redraft,The Fear Boners,12,QB,33,9,6,9,0.5,23242,Michael Penix Jr.,michael-penix-jr,ATL,11,,3,19.12,227.9,5.3,4.7,injured,0,0,0,0,0,1,0,1,250232f4-832f-4d1f-ab0b-5023d71d29af,https://www.thefantasyfootballers.com/2026-ultimate-draft-kit/udk-cheatsheets/
2026,2026-08-31,redraft,The Fear Boners,12,QB,34,9,7,9,0.5,14252,Kirk Cousins,kirk-cousins,LV,13,,15,,,8.1,4.8,,0,0,0,0,0,0,0,1,250232f4-832f-4d1f-ab0b-5023d71d29af,https://www.thefantasyfootballers.com/2026-ultimate-draft-kit/udk-cheatsheets/
2026,2026-08-31,redraft,The Fear Boners,12,QB,35,9,8,9,0.5,18857,Deshaun Watson,deshaun-watson,CLE,11,,10,,,9.3,4.3,,0,0,0,0,0,0,0,1,250232f4-832f-4d1f-ab0b-5023d71d29af,https://www.thefantasyfootballers.com/2026-ultimate-draft-kit/udk-cheatsheets/
2026,2026-08-31,redraft,The Fear Boners,12,QB,36,9,9,9,0.5,24994,Carson Beck,carson-beck,ARI,14,,0,,,8.5,5.8,rookie,0,0,0,0,1,0,0,1,250232f4-832f-4d1f-ab0b-5023d71d29af,https://www.thefantasyfootballers.com/2026-ultimate-draft-kit/udk-cheatsheets/
2026,2026-08-31,redraft,The Fear Boners,12,RB,1,1,1,2,1,23200,Jahmyr Gibbs,jahmyr-gibbs,DET,6,,4,1.02,1.9,2,9.8,,0,0,0,0,0,0,0,1,250232f4-832f-4d1f-ab0b-5023d71d29af,https://www.thefantasyfootballers.com/2026-ultimate-draft-kit/udk-cheatsheets/
2026,2026-08-31,redraft,The Fear Boners,12,RB,2,1,2,2,1,23189,Bijan Robinson,bijan-robinson,ATL,11,,4,1.02,2.2,1.3,10,,0,0,0,0,0,0,0,1,250232f4-832f-4d1f-ab0b-5023d71d29af,https://www.thefantasyfootballers.com/2026-ultimate-draft-kit/udk-cheatsheets/
2026,2026-08-31,redraft,The Fear Boners,12,RB,3,2,1,1,0.94,18877,Christian McCaffrey,christian-mccaffrey,SF,8,,10,1.05,5.4,5.6,9.3,,0,0,0,0,0,0,0,1,250232f4-832f-4d1f-ab0b-5023d71d29af,https://www.thefantasyfootballers.com/2026-ultimate-draft-kit/udk-cheatsheets/
2026,2026-08-31,redraft,The Fear Boners,12,RB,4,3,1,2,0.85,21682,Jonathan Taylor,jonathan-taylor,IND,13,,7,1.07,7.2,3.9,9,,0,0,0,0,0,0,0,1,250232f4-832f-4d1f-ab0b-5023d71d29af,https://www.thefantasyfootballers.com/2026-ultimate-draft-kit/udk-cheatsheets/
2026,2026-08-31,redraft,The Fear Boners,12,RB,5,3,2,2,0.85,23247,James Cook III,james-cook,BUF,7,,5,1.09,8.6,2.5,8.4,,0,0,0,0,0,0,0,1,250232f4-832f-4d1f-ab0b-5023d71d29af,https://www.thefantasyfootballers.com/2026-ultimate-draft-kit/udk-cheatsheets/
2026,2026-08-31,redraft,The Fear Boners,12,RB,6,4,1,3,0.76,24179,De'Von Achane,devon-achane,MIA,6,,4,2.01,13.1,3.8,9.1,,0,0,0,0,0,0,0,1,250232f4-832f-4d1f-ab0b-5023d71d29af,https://www.thefantasyfootballers.com/2026-ultimate-draft-kit/udk-cheatsheets/
2026,2026-08-31,redraft,The Fear Boners,12,RB,7,4,2,3,0.76,23214,Kenneth Walker,kenneth-walker-iii,KC,5,,5,2.08,19.9,5,8.2,my_guy|breakout,1,0,0,0,0,0,1,1,250232f4-832f-4d1f-ab0b-5023d71d29af,https://www.thefantasyfootballers.com/2026-ultimate-draft-kit/udk-cheatsheets/
2026,2026-08-31,redraft,The Fear Boners,12,RB,8,4,3,3,0.76,24374,Chase Brown,chase-brown,CIN,6,,4,2.05,16.7,4.8,8.4,,0,0,0,0,0,0,0,1,250232f4-832f-4d1f-ab0b-5023d71d29af,https://www.thefantasyfootballers.com/2026-ultimate-draft-kit/udk-cheatsheets/
2026,2026-08-31,redraft,The Fear Boners,12,RB,9,5,1,3,0.68,25956,Omarion Hampton,omarion-hampton,LAC,7,,2,2.03,15.3,4.7,8.7,my_guy|breakout,1,0,0,0,0,0,1,1,250232f4-832f-4d1f-ab0b-5023d71d29af,https://www.thefantasyfootballers.com/2026-ultimate-draft-kit/udk-cheatsheets/
2026,2026-08-31,redraft,The Fear Boners,12,RB,10,5,2,3,0.68,25868,Ashton Jeanty,ashton-jeanty,LV,13,,2,2.02,14.2,10,8.7,injured,0,0,0,0,0,1,0,1,250232f4-832f-4d1f-ab0b-5023d71d29af,https://www.thefantasyfootballers.com/2026-ultimate-draft-kit/udk-cheatsheets/
2026,2026-08-31,redraft,The Fear Boners,12,RB,11,5,3,3,0.68,19766,Saquon Barkley,saquon-barkley,PHI,10,,9,2.01,12.6,4.9,8.3,,0,0,0,0,0,0,0,1,250232f4-832f-4d1f-ab0b-5023d71d29af,https://www.thefantasyfootballers.com/2026-ultimate-draft-kit/udk-cheatsheets/
2026,2026-08-31,redraft,The Fear Boners,12,RB,12,6,1,8,0.63,17959,Derrick Henry,derrick-henry,BAL,13,,11,2.08,20,5.3,8.6,value,0,1,0,0,0,0,0,1,250232f4-832f-4d1f-ab0b-5023d71d29af,https://www.thefantasyfootballers.com/2026-ultimate-draft-kit/udk-cheatsheets/
2026,2026-08-31,redraft,The Fear Boners,12,RB,13,6,2,8,0.63,26768,Jeremiyah Love,jeremiyah-love,ARI,14,,0,3.02,26,5.3,8.5,rookie|bust|injured,0,0,1,0,1,1,0,1,250232f4-832f-4d1f-ab0b-5023d71d29af,https://www.thefantasyfootballers.com/2026-ultimate-draft-kit/udk-cheatsheets/
2026,2026-08-31,redraft,The Fear Boners,12,RB,14,6,3,8,0.63,23212,Kyren Williams,kyren-williams,LAR,11,,5,3.05,28.5,5.5,8,,0,0,0,0,0,0,0,1,250232f4-832f-4d1f-ab0b-5023d71d29af,https://www.thefantasyfootballers.com/2026-ultimate-draft-kit/udk-cheatsheets/
2026,2026-08-31,redraft,The Fear Boners,12,RB,15,6,4,8,0.63,22526,Breece Hall,breece-hall,NYJ,13,,5,3.10,34.1,5.3,8.1,injured,0,0,0,0,0,1,0,1,250232f4-832f-4d1f-ab0b-5023d71d29af,https://www.thefantasyfootballers.com/2026-ultimate-draft-kit/udk-cheatsheets/
2026,2026-08-31,redraft,The Fear Boners,12,RB,16,6,5,8,0.63,21684,D'Andre Swift,dandre-swift,CHI,10,,7,5.05,52.6,5.3,6.8,value,0,1,0,0,0,0,0,1,250232f4-832f-4d1f-ab0b-5023d71d29af,https://www.thefantasyfootballers.com/2026-ultimate-draft-kit/udk-cheatsheets/
2026,2026-08-31,redraft,The Fear Boners,12,RB,17,6,6,8,0.63,22558,Javonte Williams,javonte-williams,DAL,14,,6,3.10,33.5,4.3,7.7,value,0,1,0,0,0,0,0,1,250232f4-832f-4d1f-ab0b-5023d71d29af,https://www.thefantasyfootballers.com/2026-ultimate-draft-kit/udk-cheatsheets/
2026,2026-08-31,redraft,The Fear Boners,12,RB,18,6,7,8,0.63,24967,Bucky Irving,bucky-irving,TB,10,,3,4.08,43.9,5.8,7.7,injured,0,0,0,0,0,1,0,1,250232f4-832f-4d1f-ab0b-5023d71d29af,https://www.thefantasyfootballers.com/2026-ultimate-draft-kit/udk-cheatsheets/
2026,2026-08-31,redraft,The Fear Boners,12,RB,19,6,8,8,0.63,21696,Travis Etienne Jr.,travis-etienne,NO,8,,6,4.08,44.3,4.6,7.6,,0,0,0,0,0,0,0,1,250232f4-832f-4d1f-ab0b-5023d71d29af,https://www.thefantasyfootballers.com/2026-ultimate-draft-kit/udk-cheatsheets/
2026,2026-08-31,redraft,The Fear Boners,12,RB,20,7,1,6,0.57,25887,Cam Skattebo,cam-skattebo,NYG,8,,2,4.06,42,6.5,7.2,value|injured,0,1,0,0,0,1,0,1,250232f4-832f-4d1f-ab0b-5023d71d29af,https://www.thefantasyfootballers.com/2026-ultimate-draft-kit/udk-cheatsheets/
2026,2026-08-31,redraft,The Fear Boners,12,RB,21,7,2,6,0.57,25898,Bhayshul Tuten,bhayshul-tuten,JAX,7,,2,6.02,61.6,6.4,7.7,breakout,0,0,0,0,0,0,1,1,250232f4-832f-4d1f-ab0b-5023d71d29af,https://www.thefantasyfootballers.com/2026-ultimate-draft-kit/udk-cheatsheets/
2026,2026-08-31,redraft,The Fear Boners,12,RB,22,7,3,6,0.57,25946,Quinshon Judkins,quinshon-judkins,CLE,11,,2,5.06,53.9,5,7.6,injured,0,0,0,0,0,1,0,1,250232f4-832f-4d1f-ab0b-5023d71d29af,https://www.thefantasyfootballers.com/2026-ultimate-draft-kit/udk-cheatsheets/
2026,2026-08-31,redraft,The Fear Boners,12,RB,23,7,4,6,0.57,23245,TreVeyon Henderson,treveyon-henderson,NE,11,,2,5.09,57.2,5.1,8.2,,0,0,0,0,0,0,0,1,250232f4-832f-4d1f-ab0b-5023d71d29af,https://www.thefantasyfootballers.com/2026-ultimate-draft-kit/udk-cheatsheets/
2026,2026-08-31,redraft,The Fear Boners,12,RB,24,7,5,6,0.57,26765,Jadarian Price,jadarian-price,SEA,11,,0,6.06,65.8,5.5,7.2,rookie,0,0,0,0,1,0,0,1,250232f4-832f-4d1f-ab0b-5023d71d29af,https://www.thefantasyfootballers.com/2026-ultimate-draft-kit/udk-cheatsheets/
2026,2026-08-31,redraft,The Fear Boners,12,RB,25,7,6,6,0.57,20882,David Montgomery,david-montgomery,HOU,8,,8,4.12,48.4,4.1,6.8,,0,0,0,0,0,0,0,1,250232f4-832f-4d1f-ab0b-5023d71d29af,https://www.thefantasyfootballers.com/2026-ultimate-draft-kit/udk-cheatsheets/
2026,2026-08-31,redraft,The Fear Boners,12,RB,26,8,1,14,0.5,23211,MarShawn Lloyd,marshawn-lloyd,GB,11,,3,14.02,157.8,8.3,6.2,,0,0,0,0,0,0,0,1,250232f4-832f-4d1f-ab0b-5023d71d29af,https://www.thefantasyfootballers.com/2026-ultimate-draft-kit/udk-cheatsheets/
2026,2026-08-31,redraft,The Fear Boners,12,RB,27,8,2,14,0.5,22546,Rhamondre Stevenson,rhamondre-stevenson,NE,11,,6,7.09,80.7,4.8,5.6,,0,0,0,0,0,0,0,1,250232f4-832f-4d1f-ab0b-5023d71d29af,https://www.thefantasyfootballers.com/2026-ultimate-draft-kit/udk-cheatsheets/
2026,2026-08-31,redraft,The Fear Boners,12,RB,28,8,3,14,0.5,21952,Rico Dowdle,rico-dowdle,PIT,9,,7,8.03,86.5,4.5,4,sleeper,0,0,0,1,0,0,0,1,250232f4-832f-4d1f-ab0b-5023d71d29af,https://www.thefantasyfootballers.com/2026-ultimate-draft-kit/udk-cheatsheets/
2026,2026-08-31,redraft,The Fear Boners,12,RB,29,8,4,14,0.5,26259,Jacory Croskey-Merritt,jacory-croskey-merritt,WAS,7,,2,10.08,115.8,6.3,5.9,sleeper,0,0,0,1,0,0,0,1,250232f4-832f-4d1f-ab0b-5023d71d29af,https://www.thefantasyfootballers.com/2026-ultimate-draft-kit/udk-cheatsheets/
2026,2026-08-31,redraft,The Fear Boners,12,RB,30,8,5,14,0.5,22562,Kenny Gainwell,kenny-gainwell,TB,10,,6,10.05,113.4,4.4,5.6,,0,0,0,0,0,0,0,1,250232f4-832f-4d1f-ab0b-5023d71d29af,https://www.thefantasyfootballers.com/2026-ultimate-draft-kit/udk-cheatsheets/
2026,2026-08-31,redraft,The Fear Boners,12,RB,31,8,6,14,0.5,23479,Jaylen Warren,jaylen-warren,PIT,9,,5,6.12,71.8,4.4,6.2,,0,0,0,0,0,0,0,1,250232f4-832f-4d1f-ab0b-5023d71d29af,https://www.thefantasyfootballers.com/2026-ultimate-draft-kit/udk-cheatsheets/
2026,2026-08-31,redraft,The Fear Boners,12,RB,32,8,7,14,0.5,21691,Chuba Hubbard,chuba-hubbard,CAR,5,,6,7.06,78.1,6.7,5.2,bust|injured,0,0,1,0,0,1,0,1,250232f4-832f-4d1f-ab0b-5023d71d29af,https://www.thefantasyfootballers.com/2026-ultimate-draft-kit/udk-cheatsheets/
2026,2026-08-31,redraft,The Fear Boners,12,RB,33,8,8,14,0.5,20912,Tony Pollard,tony-pollard,TEN,9,,8,8.01,84.6,5.6,5.9,,0,0,0,0,0,0,0,1,250232f4-832f-4d1f-ab0b-5023d71d29af,https://www.thefantasyfootballers.com/2026-ultimate-draft-kit/udk-cheatsheets/
2026,2026-08-31,redraft,The Fear Boners,12,RB,34,8,9,14,0.5,21674,J.K. Dobbins,jk-dobbins,DEN,10,,7,8.08,92,7.5,6.2,value|injured,0,1,0,0,0,1,0,1,250232f4-832f-4d1f-ab0b-5023d71d29af,https://www.thefantasyfootballers.com/2026-ultimate-draft-kit/udk-cheatsheets/
2026,2026-08-31,redraft,The Fear Boners,12,RB,35,8,10,14,0.5,24944,Jonathon Brooks,jonathon-brooks,CAR,5,,3,9.08,104.1,7.2,6,sleeper,0,0,0,1,0,0,0,1,250232f4-832f-4d1f-ab0b-5023d71d29af,https://www.thefantasyfootballers.com/2026-ultimate-draft-kit/udk-cheatsheets/
2026,2026-08-31,redraft,The Fear Boners,12,RB,36,8,11,14,0.5,25952,Kyle Monangai,kyle-monangai,CHI,10,,2,9.05,101.1,5.8,5.7,injured,0,0,0,0,0,1,0,1,250232f4-832f-4d1f-ab0b-5023d71d29af,https://www.thefantasyfootballers.com/2026-ultimate-draft-kit/udk-cheatsheets/
2026,2026-08-31,redraft,The Fear Boners,12,RB,37,8,12,14,0.5,23364,Jordan Mason,jordan-mason,MIN,6,,5,10.03,111.4,4,6.4,sleeper,0,0,0,1,0,0,0,1,250232f4-832f-4d1f-ab0b-5023d71d29af,https://www.thefantasyfootballers.com/2026-ultimate-draft-kit/udk-cheatsheets/
2026,2026-08-31,redraft,The Fear Boners,12,RB,38,8,13,14,0.5,23217,Rachaad White,rachaad-white,WAS,7,,5,12.01,133,4.6,5.6,,0,0,0,0,0,0,0,1,250232f4-832f-4d1f-ab0b-5023d71d29af,https://www.thefantasyfootballers.com/2026-ultimate-draft-kit/udk-cheatsheets/
2026,2026-08-31,redraft,The Fear Boners,12,RB,39,8,14,14,0.5,24116,Blake Corum,blake-corum,LAR,11,,3,9.06,102.2,4.6,6.8,sleeper,0,0,0,1,0,0,0,1,250232f4-832f-4d1f-ab0b-5023d71d29af,https://www.thefantasyfootballers.com/2026-ultimate-draft-kit/udk-cheatsheets/
2026,2026-08-31,redraft,The Fear Boners,12,RB,40,9,1,6,0.38,25944,RJ Harvey,rj-harvey,DEN,10,,2,7.07,79.3,6.2,5.5,bust|injured,0,0,1,0,0,1,0,1,250232f4-832f-4d1f-ab0b-5023d71d29af,https://www.thefantasyfootballers.com/2026-ultimate-draft-kit/udk-cheatsheets/
2026,2026-08-31,redraft,The Fear Boners,12,RB,41,9,2,6,0.38,19045,Aaron Jones Sr.,aaron-jones,MIN,6,,10,11.05,125.1,4.3,5.3,,0,0,0,0,0,0,0,1,250232f4-832f-4d1f-ab0b-5023d71d29af,https://www.thefantasyfootballers.com/2026-ultimate-draft-kit/udk-cheatsheets/
2026,2026-08-31,redraft,The Fear Boners,12,RB,42,9,3,6,0.38,24123,Tyjae Spears,tyjae-spears,TEN,9,,4,14.10,165.7,4.6,4.7,,0,0,0,0,0,0,0,1,250232f4-832f-4d1f-ab0b-5023d71d29af,https://www.thefantasyfootballers.com/2026-ultimate-draft-kit/udk-cheatsheets/
2026,2026-08-31,redraft,The Fear Boners,12,RB,43,9,4,6,0.38,25942,Woody Marks,woody-marks,HOU,8,,2,14.04,160.3,4.3,5.4,,0,0,0,0,0,0,0,1,250232f4-832f-4d1f-ab0b-5023d71d29af,https://www.thefantasyfootballers.com/2026-ultimate-draft-kit/udk-cheatsheets/
2026,2026-08-31,redraft,The Fear Boners,12,RB,44,9,5,6,0.38,23237,Chris Rodriguez Jr.,chris-rodriguez-jr,JAX,7,,4,12.08,140.4,5.1,5.2,injured,0,0,0,0,0,1,0,1,250232f4-832f-4d1f-ab0b-5023d71d29af,https://www.thefantasyfootballers.com/2026-ultimate-draft-kit/udk-cheatsheets/
2026,2026-08-31,redraft,The Fear Boners,12,RB,45,9,6,6,0.38,23371,Isiah Pacheco,isaih-pacheco,DET,6,,5,16.09,188.8,5,5.2,injured,0,0,0,0,0,1,0,1,250232f4-832f-4d1f-ab0b-5023d71d29af,https://www.thefantasyfootballers.com/2026-ultimate-draft-kit/udk-cheatsheets/
2026,2026-08-31,redraft,The Fear Boners,12,RB,46,10,1,48,0.28,24214,Keaton Mitchell,keaton-mitchell,LAC,7,,4,16.07,186.9,4.7,4.9,,0,0,0,0,0,0,0,1,250232f4-832f-4d1f-ab0b-5023d71d29af,https://www.thefantasyfootballers.com/2026-ultimate-draft-kit/udk-cheatsheets/
2026,2026-08-31,redraft,The Fear Boners,12,RB,47,10,2,48,0.28,23173,Zach Charbonnet,zach-charbonnet,SEA,11,,4,13.05,149.2,7,5.2,injured,0,0,0,0,0,1,0,1,250232f4-832f-4d1f-ab0b-5023d71d29af,https://www.thefantasyfootballers.com/2026-ultimate-draft-kit/udk-cheatsheets/
2026,2026-08-31,redraft,The Fear Boners,12,RB,48,10,3,48,0.28,23250,Tyler Allgeier,tyler-allgeier,ARI,14,,5,13.01,145.3,4,3.5,,0,0,0,0,0,0,0,1,250232f4-832f-4d1f-ab0b-5023d71d29af,https://www.thefantasyfootballers.com/2026-ultimate-draft-kit/udk-cheatsheets/
2026,2026-08-31,redraft,The Fear Boners,12,RB,49,10,4,48,0.28,25889,Dylan Sampson,dylan-sampson,CLE,11,,2,16.11,191.4,3.7,4.9,,0,0,0,0,0,0,0,1,250232f4-832f-4d1f-ab0b-5023d71d29af,https://www.thefantasyfootballers.com/2026-ultimate-draft-kit/udk-cheatsheets/
2026,2026-08-31,redraft,The Fear Boners,12,RB,50,10,5,48,0.28,25886,Jonah Coleman,jonah-coleman,DEN,10,,0,15.02,170.1,5.3,5.8,rookie,0,0,0,0,1,0,0,1,250232f4-832f-4d1f-ab0b-5023d71d29af,https://www.thefantasyfootballers.com/2026-ultimate-draft-kit/udk-cheatsheets/
2026,2026-08-31,redraft,The Fear Boners,12,RB,51,10,6,48,0.28,26932,Mike Washington Jr.,mike-washington-jr,LV,13,,0,14.03,158.9,5.8,6.2,rookie,0,0,0,0,1,0,0,1,250232f4-832f-4d1f-ab0b-5023d71d29af,https://www.thefantasyfootballers.com/2026-ultimate-draft-kit/udk-cheatsheets/
2026,2026-08-31,redraft,The Fear Boners,12,RB,52,10,7,48,0.28,25092,Tyrone Tracy Jr.,tyrone-tracy-jr,NYG,8,,3,15.05,173,5.9,5,,0,0,0,0,0,0,0,1,250232f4-832f-4d1f-ab0b-5023d71d29af,https://www.thefantasyfootballers.com/2026-ultimate-draft-kit/udk-cheatsheets/
2026,2026-08-31,redraft,The Fear Boners,12,RB,53,10,8,48,0.28,23193,Tank Bigsby,tank-bigsby,PHI,10,,4,15.10,178.1,4.6,6,,0,0,0,0,0,0,0,1,250232f4-832f-4d1f-ab0b-5023d71d29af,https://www.thefantasyfootballers.com/2026-ultimate-draft-kit/udk-cheatsheets/
2026,2026-08-31,redraft,The Fear Boners,12,RB,54,10,9,48,0.28,18878,Alvin Kamara,alvin-kamara,NO,8,,10,14.10,166.3,6.5,4.2,injured,0,0,0,0,0,1,0,1,250232f4-832f-4d1f-ab0b-5023d71d29af,https://www.thefantasyfootballers.com/2026-ultimate-draft-kit/udk-cheatsheets/
2026,2026-08-31,redraft,The Fear Boners,12,RB,55,10,10,48,0.28,21768,Najee Harris,najee-harris,NYG,8,,6,19.04,220.1,5.7,2.7,injured,0,0,0,0,0,1,0,1,250232f4-832f-4d1f-ab0b-5023d71d29af,https://www.thefantasyfootballers.com/2026-ultimate-draft-kit/udk-cheatsheets/
2026,2026-08-31,redraft,The Fear Boners,12,RB,56,10,11,48,0.28,23190,Brian Robinson,brian-robinson-jr,ATL,11,,5,15.01,169.1,3.7,4.3,,0,0,0,0,0,0,0,1,250232f4-832f-4d1f-ab0b-5023d71d29af,https://www.thefantasyfootballers.com/2026-ultimate-draft-kit/udk-cheatsheets/
2026,2026-08-31,redraft,The Fear Boners,12,RB,57,10,12,48,0.28,23192,Chris Brooks,chris-brooks,GB,11,,4,,,4.3,4,,0,0,0,0,0,0,0,1,250232f4-832f-4d1f-ab0b-5023d71d29af,https://www.thefantasyfootballers.com/2026-ultimate-draft-kit/udk-cheatsheets/
2026,2026-08-31,redraft,The Fear Boners,12,RB,58,10,13,48,0.28,23880,Malik Davis,malik-davis,DAL,14,,3,,,5.3,2.8,,0,0,0,0,0,0,0,1,250232f4-832f-4d1f-ab0b-5023d71d29af,https://www.thefantasyfootballers.com/2026-ultimate-draft-kit/udk-cheatsheets/
2026,2026-08-31,redraft,The Fear Boners,12,RB,59,10,14,48,0.28,25903,Jordan James,jordan-james,SF,8,,2,,,4.8,4.2,,0,0,0,0,0,0,0,1,250232f4-832f-4d1f-ab0b-5023d71d29af,https://www.thefantasyfootballers.com/2026-ultimate-draft-kit/udk-cheatsheets/
2026,2026-08-31,redraft,The Fear Boners,12,RB,60,10,15,48,0.28,25079,Kimani Vidal,kimani-vidal,LAC,7,,3,20.10,237.8,4.4,3.9,,0,0,0,0,0,0,0,1,250232f4-832f-4d1f-ab0b-5023d71d29af,https://www.thefantasyfootballers.com/2026-ultimate-draft-kit/udk-cheatsheets/
2026,2026-08-31,redraft,The Fear Boners,12,RB,61,10,16,48,0.28,20802,Justice Hill,justice-hill,BAL,13,,8,,,3.7,4,,0,0,0,0,0,0,0,1,250232f4-832f-4d1f-ab0b-5023d71d29af,https://www.thefantasyfootballers.com/2026-ultimate-draft-kit/udk-cheatsheets/
2026,2026-08-31,redraft,The Fear Boners,12,RB,62,10,17,48,0.28,18993,Samaje Perine,samaje-perine,CIN,6,,10,,,4.1,3.1,,0,0,0,0,0,0,0,1,250232f4-832f-4d1f-ab0b-5023d71d29af,https://www.thefantasyfootballers.com/2026-ultimate-draft-kit/udk-cheatsheets/
2026,2026-08-31,redraft,The Fear Boners,12,RB,63,10,18,48,0.28,26835,Emmett Johnson,emmett-johnson,KC,5,,0,18.05,209.1,4.8,4.5,rookie,0,0,0,0,1,0,0,1,250232f4-832f-4d1f-ab0b-5023d71d29af,https://www.thefantasyfootballers.com/2026-ultimate-draft-kit/udk-cheatsheets/
2026,2026-08-31,redraft,The Fear Boners,12,RB,64,10,19,48,0.28,27045,Nicholas Singleton,nicholas-singleton,TEN,9,,0,18.08,212.1,5.4,5.7,rookie,0,0,0,0,1,0,0,1,250232f4-832f-4d1f-ab0b-5023d71d29af,https://www.thefantasyfootballers.com/2026-ultimate-draft-kit/udk-cheatsheets/
2026,2026-08-31,redraft,The Fear Boners,12,RB,65,10,20,48,0.28,20837,Ty Johnson,ty-johnson,BUF,7,,8,,,3.5,3.8,,0,0,0,0,0,0,0,1,250232f4-832f-4d1f-ab0b-5023d71d29af,https://www.thefantasyfootballers.com/2026-ultimate-draft-kit/udk-cheatsheets/
2026,2026-08-31,redraft,The Fear Boners,12,RB,66,10,21,48,0.28,25986,LeQuint Allen Jr.,lequint-allen,JAX,7,,2,,,4.9,3.2,,0,0,0,0,0,0,0,2,250232f4-832f-4d1f-ab0b-5023d71d29af,https://www.thefantasyfootballers.com/2026-ultimate-draft-kit/udk-cheatsheets/
2026,2026-08-31,redraft,The Fear Boners,12,RB,67,10,22,48,0.28,18983,James Conner,james-conner,ARI,14,,10,20.04,231.6,4.3,3.3,,0,0,0,0,0,0,0,2,250232f4-832f-4d1f-ab0b-5023d71d29af,https://www.thefantasyfootballers.com/2026-ultimate-draft-kit/udk-cheatsheets/
2026,2026-08-31,redraft,The Fear Boners,12,RB,68,10,23,48,0.28,24934,Braelon Allen,braelon-allen,NYJ,13,,3,18.03,206.8,5,5.1,,0,0,0,0,0,0,0,2,250232f4-832f-4d1f-ab0b-5023d71d29af,https://www.thefantasyfootballers.com/2026-ultimate-draft-kit/udk-cheatsheets/
2026,2026-08-31,redraft,The Fear Boners,12,RB,69,10,24,48,0.28,23196,George Holani,george-holani,SEA,11,,3,,,4.5,2,,0,0,0,0,0,0,0,2,250232f4-832f-4d1f-ab0b-5023d71d29af,https://www.thefantasyfootballers.com/2026-ultimate-draft-kit/udk-cheatsheets/
2026,2026-08-31,redraft,The Fear Boners,12,RB,70,10,25,48,0.28,25064,Isaiah Davis,isaiah-davis,NYJ,13,,3,,,5.2,3.3,,0,0,0,0,0,0,0,2,250232f4-832f-4d1f-ab0b-5023d71d29af,https://www.thefantasyfootballers.com/2026-ultimate-draft-kit/udk-cheatsheets/
2026,2026-08-31,redraft,The Fear Boners,12,RB,71,10,26,48,0.28,25900,DJ Giddens,dj-giddens,IND,13,,2,,,5.1,3.8,,0,0,0,0,0,0,0,2,250232f4-832f-4d1f-ab0b-5023d71d29af,https://www.thefantasyfootballers.com/2026-ultimate-draft-kit/udk-cheatsheets/
2026,2026-08-31,redraft,The Fear Boners,12,RB,72,10,27,48,0.28,26981,Kaelon Black,kaelon-black,SF,8,,0,17.05,196.9,5.7,4.9,rookie,0,0,0,0,1,0,0,2,250232f4-832f-4d1f-ab0b-5023d71d29af,https://www.thefantasyfootballers.com/2026-ultimate-draft-kit/udk-cheatsheets/
2026,2026-08-31,redraft,The Fear Boners,12,RB,73,10,28,48,0.28,23205,Jerome Ford,jerome-ford,FA,,,5,,,4.8,2.3,,0,0,0,0,0,0,0,2,250232f4-832f-4d1f-ab0b-5023d71d29af,https://www.thefantasyfootballers.com/2026-ultimate-draft-kit/udk-cheatsheets/
2026,2026-08-31,redraft,The Fear Boners,12,RB,74,10,29,48,0.28,25899,Brashard Smith,brashard-smith,KC,5,,2,19.10,226.3,4.8,3,,0,0,0,0,0,0,0,2,250232f4-832f-4d1f-ab0b-5023d71d29af,https://www.thefantasyfootballers.com/2026-ultimate-draft-kit/udk-cheatsheets/
2026,2026-08-31,redraft,The Fear Boners,12,RB,75,10,30,48,0.28,24980,Ray Davis,ray-davis,BUF,7,,3,19.08,224.3,3.8,4.7,,0,0,0,0,0,0,0,2,250232f4-832f-4d1f-ab0b-5023d71d29af,https://www.thefantasyfootballers.com/2026-ultimate-draft-kit/udk-cheatsheets/
2026,2026-08-31,redraft,The Fear Boners,12,RB,76,10,31,48,0.28,26040,Kaleb Johnson,kaleb-johnson,GB,11,,2,18.11,215.4,4.7,2.9,,0,0,0,0,0,0,0,2,250232f4-832f-4d1f-ab0b-5023d71d29af,https://www.thefantasyfootballers.com/2026-ultimate-draft-kit/udk-cheatsheets/
2026,2026-08-31,redraft,The Fear Boners,12,RB,77,10,32,48,0.28,24309,Emanuel Wilson,emanuel-wilson,SEA,11,,4,21.10,250.3,4.9,3.2,,0,0,0,0,0,0,0,2,250232f4-832f-4d1f-ab0b-5023d71d29af,https://www.thefantasyfootballers.com/2026-ultimate-draft-kit/udk-cheatsheets/
2026,2026-08-31,redraft,The Fear Boners,12,RB,78,10,33,48,0.28,24923,Jaylen Wright,jaylen-wright,MIA,6,,3,21.08,247.9,5,4.8,,0,0,0,0,0,0,0,2,250232f4-832f-4d1f-ab0b-5023d71d29af,https://www.thefantasyfootballers.com/2026-ultimate-draft-kit/udk-cheatsheets/
2026,2026-08-31,redraft,The Fear Boners,12,RB,79,10,34,48,0.28,25939,Kaytron Allen,kaytron-allen,WAS,7,,0,20.11,239.1,5.3,3.5,rookie,0,0,0,0,1,0,0,2,250232f4-832f-4d1f-ab0b-5023d71d29af,https://www.thefantasyfootballers.com/2026-ultimate-draft-kit/udk-cheatsheets/
2026,2026-08-31,redraft,The Fear Boners,12,RB,80,10,35,48,0.28,24609,Emari Demercado,emari-demercado,FA,,,4,,,5.3,2,,0,0,0,0,0,0,0,2,250232f4-832f-4d1f-ab0b-5023d71d29af,https://www.thefantasyfootballers.com/2026-ultimate-draft-kit/udk-cheatsheets/
2026,2026-08-31,redraft,The Fear Boners,12,RB,81,10,36,48,0.28,20941,Devin Singletary,devin-singletary,NYG,8,,8,,,4.9,2.9,,0,0,0,0,0,0,0,2,250232f4-832f-4d1f-ab0b-5023d71d29af,https://www.thefantasyfootballers.com/2026-ultimate-draft-kit/udk-cheatsheets/
2026,2026-08-31,redraft,The Fear Boners,12,RB,82,10,37,48,0.28,24194,Sean Tucker,sean-tucker,TB,10,,4,21.04,243.9,4.8,3.2,,0,0,0,0,0,0,0,2,250232f4-832f-4d1f-ab0b-5023d71d29af,https://www.thefantasyfootballers.com/2026-ultimate-draft-kit/udk-cheatsheets/
2026,2026-08-31,redraft,The Fear Boners,12,RB,83,10,38,48,0.28,26764,Demond Claiborne,demond-claiborne,MIN,6,,0,21.02,242,5.3,4.8,rookie,0,0,0,0,1,0,0,2,250232f4-832f-4d1f-ab0b-5023d71d29af,https://www.thefantasyfootballers.com/2026-ultimate-draft-kit/udk-cheatsheets/
2026,2026-08-31,redraft,The Fear Boners,12,RB,84,10,39,48,0.28,20824,Josh Jacobs,josh-jacobs,GB,11,,8,3.12,35.9,8.7,4.7,injured,0,0,0,0,0,1,0,2,250232f4-832f-4d1f-ab0b-5023d71d29af,https://www.thefantasyfootballers.com/2026-ultimate-draft-kit/udk-cheatsheets/
2026,2026-08-31,redraft,The Fear Boners,12,RB,85,10,40,48,0.28,25948,Trevor Etienne,trevor-etienne,CAR,5,,2,,,4.3,3.8,,0,0,0,0,0,0,0,2,250232f4-832f-4d1f-ab0b-5023d71d29af,https://www.thefantasyfootballers.com/2026-ultimate-draft-kit/udk-cheatsheets/
2026,2026-08-31,redraft,The Fear Boners,12,RB,86,10,41,48,0.28,25953,Ollie Gordon II,ollie-gordon-ii,MIA,6,,2,,,5.1,2.9,,0,0,0,0,0,0,0,2,250232f4-832f-4d1f-ab0b-5023d71d29af,https://www.thefantasyfootballers.com/2026-ultimate-draft-kit/udk-cheatsheets/
2026,2026-08-31,redraft,The Fear Boners,12,RB,87,10,42,48,0.28,25888,Devin Neal,devin-neal,NO,8,,2,18.08,211.9,5.7,1,,0,0,0,0,0,0,0,2,250232f4-832f-4d1f-ab0b-5023d71d29af,https://www.thefantasyfootballers.com/2026-ultimate-draft-kit/udk-cheatsheets/
2026,2026-08-31,redraft,The Fear Boners,12,RB,88,10,43,48,0.28,25102,Will Shipley,will-shipley,PHI,10,,3,,,4.6,2,,0,0,0,0,0,0,0,2,250232f4-832f-4d1f-ab0b-5023d71d29af,https://www.thefantasyfootballers.com/2026-ultimate-draft-kit/udk-cheatsheets/
2026,2026-08-31,redraft,The Fear Boners,12,RB,89,10,44,48,0.28,21802,AJ Dillon,aj-dillon,CAR,5,,7,,,3.3,2,,0,0,0,0,0,0,0,2,250232f4-832f-4d1f-ab0b-5023d71d29af,https://www.thefantasyfootballers.com/2026-ultimate-draft-kit/udk-cheatsheets/
2026,2026-08-31,redraft,The Fear Boners,12,RB,90,10,45,48,0.28,26038,Jaydon Blue,jaydon-blue,FA,,,2,20.01,228.6,4,4,,0,0,0,0,0,0,0,2,250232f4-832f-4d1f-ab0b-5023d71d29af,https://www.thefantasyfootballers.com/2026-ultimate-draft-kit/udk-cheatsheets/
2026,2026-08-31,redraft,The Fear Boners,12,RB,91,10,46,48,0.28,26737,Adam Randall,adam-randall,BAL,13,,0,,,4.7,3.8,rookie,0,0,0,0,1,0,0,2,250232f4-832f-4d1f-ab0b-5023d71d29af,https://www.thefantasyfootballers.com/2026-ultimate-draft-kit/udk-cheatsheets/
2026,2026-08-31,redraft,The Fear Boners,12,RB,92,10,47,48,0.28,25949,Tahj Brooks,tahj-brooks,CIN,6,,2,,,4.2,3.6,,0,0,0,0,0,0,0,2,250232f4-832f-4d1f-ab0b-5023d71d29af,https://www.thefantasyfootballers.com/2026-ultimate-draft-kit/udk-cheatsheets/
2026,2026-08-31,redraft,The Fear Boners,12,RB,93,10,48,48,0.28,24971,Audric Estimé,audric-estime,NO,8,,3,20.09,237.4,1,1,,0,0,0,0,0,0,0,2,250232f4-832f-4d1f-ab0b-5023d71d29af,https://www.thefantasyfootballers.com/2026-ultimate-draft-kit/udk-cheatsheets/
2026,2026-08-31,redraft,The Fear Boners,12,WR,1,1,1,2,1,22564,Ja'Marr Chase,jamarr-chase,CIN,6,,6,1.03,3.2,3.2,9.7,,0,0,0,0,0,0,0,1,250232f4-832f-4d1f-ab0b-5023d71d29af,https://www.thefantasyfootballers.com/2026-ultimate-draft-kit/udk-cheatsheets/
2026,2026-08-31,redraft,The Fear Boners,12,WR,2,1,2,2,1,24172,Puka Nacua,puka-nacua,LAR,11,,4,1.04,4.4,6.3,9.6,injured,0,0,0,0,0,1,0,1,250232f4-832f-4d1f-ab0b-5023d71d29af,https://www.thefantasyfootballers.com/2026-ultimate-draft-kit/udk-cheatsheets/
2026,2026-08-31,redraft,The Fear Boners,12,WR,3,2,1,3,0.95,23157,Jaxon Smith-Njigba,jaxon-smith-njigba,SEA,11,,4,1.06,6.2,2,9.7,,0,0,0,0,0,0,0,1,250232f4-832f-4d1f-ab0b-5023d71d29af,https://www.thefantasyfootballers.com/2026-ultimate-draft-kit/udk-cheatsheets/
2026,2026-08-31,redraft,The Fear Boners,12,WR,4,2,2,3,0.95,22587,Amon-Ra St. Brown,amon-ra-st-brown,DET,6,,6,1.09,8.8,1,9.7,,0,0,0,0,0,0,0,1,250232f4-832f-4d1f-ab0b-5023d71d29af,https://www.thefantasyfootballers.com/2026-ultimate-draft-kit/udk-cheatsheets/
2026,2026-08-31,redraft,The Fear Boners,12,WR,5,2,3,3,0.95,21679,CeeDee Lamb,ceedee-lamb,DAL,14,,7,1.10,10.4,2.6,9.3,,0,0,0,0,0,0,0,1,250232f4-832f-4d1f-ab0b-5023d71d29af,https://www.thefantasyfootballers.com/2026-ultimate-draft-kit/udk-cheatsheets/
2026,2026-08-31,redraft,The Fear Boners,12,WR,6,3,1,8,0.8,21685,Justin Jefferson,justin-jefferson,MIN,6,,7,1.11,11.3,4.7,9.5,,0,0,0,0,0,0,0,1,250232f4-832f-4d1f-ab0b-5023d71d29af,https://www.thefantasyfootballers.com/2026-ultimate-draft-kit/udk-cheatsheets/
2026,2026-08-31,redraft,The Fear Boners,12,WR,7,3,2,8,0.8,21042,A.J. Brown,aj-brown,NE,11,,8,2.05,17.1,5.3,8,,0,0,0,0,0,0,0,1,250232f4-832f-4d1f-ab0b-5023d71d29af,https://www.thefantasyfootballers.com/2026-ultimate-draft-kit/udk-cheatsheets/
2026,2026-08-31,redraft,The Fear Boners,12,WR,8,3,3,8,0.8,22565,Chris Olave,chris-olave,NO,8,,5,3.06,30.1,6.2,8.8,,0,0,0,0,0,0,0,1,250232f4-832f-4d1f-ab0b-5023d71d29af,https://www.thefantasyfootballers.com/2026-ultimate-draft-kit/udk-cheatsheets/
2026,2026-08-31,redraft,The Fear Boners,12,WR,9,3,4,8,0.8,21756,Nico Collins,nico-collins,HOU,8,,6,3.01,25.1,4.6,8.9,,0,0,0,0,0,0,0,1,250232f4-832f-4d1f-ab0b-5023d71d29af,https://www.thefantasyfootballers.com/2026-ultimate-draft-kit/udk-cheatsheets/
2026,2026-08-31,redraft,The Fear Boners,12,WR,10,3,5,8,0.8,23122,Garrett Wilson,garrett-wilson,NYJ,13,,5,4.10,46.4,4.9,8.1,my_guy,1,0,0,0,0,0,0,1,250232f4-832f-4d1f-ab0b-5023d71d29af,https://www.thefantasyfootballers.com/2026-ultimate-draft-kit/udk-cheatsheets/
2026,2026-08-31,redraft,The Fear Boners,12,WR,11,3,6,8,0.8,23151,Drake London,drake-london,ATL,11,,5,2.06,17.7,4,9.1,,0,0,0,0,0,0,0,1,250232f4-832f-4d1f-ab0b-5023d71d29af,https://www.thefantasyfootballers.com/2026-ultimate-draft-kit/udk-cheatsheets/
2026,2026-08-31,redraft,The Fear Boners,12,WR,12,3,7,8,0.8,23153,George Pickens,george-pickens,DAL,14,,5,2.10,22.1,5,8.9,,0,0,0,0,0,0,0,1,250232f4-832f-4d1f-ab0b-5023d71d29af,https://www.thefantasyfootballers.com/2026-ultimate-draft-kit/udk-cheatsheets/
2026,2026-08-31,redraft,The Fear Boners,12,WR,13,3,8,8,0.8,24120,Rashee Rice,rashee-rice,KC,5,,4,3.05,29,9.5,8.3,injured,0,0,0,0,0,1,0,1,250232f4-832f-4d1f-ab0b-5023d71d29af,https://www.thefantasyfootballers.com/2026-ultimate-draft-kit/udk-cheatsheets/
2026,2026-08-31,redraft,The Fear Boners,12,WR,14,4,1,3,0.72,24953,Malik Nabers,malik-nabers,NYG,8,,3,3.03,26.9,7.8,9,bust|injured,0,0,1,0,0,1,0,1,250232f4-832f-4d1f-ab0b-5023d71d29af,https://www.thefantasyfootballers.com/2026-ultimate-draft-kit/udk-cheatsheets/
2026,2026-08-31,redraft,The Fear Boners,12,WR,15,4,2,3,0.72,23120,Zay Flowers,zay-flowers,BAL,13,,4,4.06,41.8,4.3,7.5,,0,0,0,0,0,0,0,1,250232f4-832f-4d1f-ab0b-5023d71d29af,https://www.thefantasyfootballers.com/2026-ultimate-draft-kit/udk-cheatsheets/
2026,2026-08-31,redraft,The Fear Boners,12,WR,16,4,3,3,0.72,21687,DeVonta Smith,devonta-smith,PHI,10,,6,3.08,32.1,3.4,7.6,,0,0,0,0,0,0,0,1,250232f4-832f-4d1f-ab0b-5023d71d29af,https://www.thefantasyfootballers.com/2026-ultimate-draft-kit/udk-cheatsheets/
2026,2026-08-31,redraft,The Fear Boners,12,WR,17,5,1,6,0.7,22598,Jaylen Waddle,jaylen-waddle,DEN,10,,6,4.09,44.7,5,7.7,value,0,1,0,0,0,0,0,1,250232f4-832f-4d1f-ab0b-5023d71d29af,https://www.thefantasyfootballers.com/2026-ultimate-draft-kit/udk-cheatsheets/
2026,2026-08-31,redraft,The Fear Boners,12,WR,18,5,2,6,0.7,25097,Ladd McConkey,ladd-mcconkey,LAC,7,,3,4.02,37.7,4.7,6.8,my_guy,1,0,0,0,0,0,0,1,250232f4-832f-4d1f-ab0b-5023d71d29af,https://www.thefantasyfootballers.com/2026-ultimate-draft-kit/udk-cheatsheets/
2026,2026-08-31,redraft,The Fear Boners,12,WR,19,5,3,6,0.7,26092,Emeka Egbuka,emeka-egbuka,TB,10,,2,4.03,39,5.5,8.1,value|injured,0,1,0,0,0,1,0,1,250232f4-832f-4d1f-ab0b-5023d71d29af,https://www.thefantasyfootballers.com/2026-ultimate-draft-kit/udk-cheatsheets/
2026,2026-08-31,redraft,The Fear Boners,12,WR,20,5,4,6,0.7,26054,Tetairoa McMillan,tetairoa-mcmillan,CAR,5,,2,4.02,38.3,4,8.2,breakout,0,0,0,0,0,0,1,1,250232f4-832f-4d1f-ab0b-5023d71d29af,https://www.thefantasyfootballers.com/2026-ultimate-draft-kit/udk-cheatsheets/
2026,2026-08-31,redraft,The Fear Boners,12,WR,21,5,5,6,0.7,21690,Tee Higgins,tee-higgins,CIN,6,,7,3.11,35.2,6.1,8.3,,0,0,0,0,0,0,0,1,250232f4-832f-4d1f-ab0b-5023d71d29af,https://www.thefantasyfootballers.com/2026-ultimate-draft-kit/udk-cheatsheets/
2026,2026-08-31,redraft,The Fear Boners,12,WR,22,5,6,6,0.7,26752,Carnell Tate,carnell-tate,TEN,9,,0,6.07,67,5.9,6.8,my_guy|breakout|rookie,1,0,0,0,1,0,1,1,250232f4-832f-4d1f-ab0b-5023d71d29af,https://www.thefantasyfootballers.com/2026-ultimate-draft-kit/udk-cheatsheets/
2026,2026-08-31,redraft,The Fear Boners,12,WR,23,6,1,7,0.66,26044,Luther Burden III,luther-burden-iii,CHI,10,,2,5.06,53.7,5.5,7.8,injured,0,0,0,0,0,1,0,1,250232f4-832f-4d1f-ab0b-5023d71d29af,https://www.thefantasyfootballers.com/2026-ultimate-draft-kit/udk-cheatsheets/
2026,2026-08-31,redraft,The Fear Boners,12,WR,24,6,2,7,0.66,23395,Christian Watson,christian-watson,GB,11,,5,6.10,69.6,6.6,8.1,my_guy|breakout,1,0,0,0,0,0,1,1,250232f4-832f-4d1f-ab0b-5023d71d29af,https://www.thefantasyfootballers.com/2026-ultimate-draft-kit/udk-cheatsheets/
2026,2026-08-31,redraft,The Fear Boners,12,WR,25,6,3,7,0.66,24143,Parker Washington,parker-washington,JAX,7,,4,7.02,73.8,4.3,6.2,sleeper,0,0,0,1,0,0,0,1,250232f4-832f-4d1f-ab0b-5023d71d29af,https://www.thefantasyfootballers.com/2026-ultimate-draft-kit/udk-cheatsheets/
2026,2026-08-31,redraft,The Fear Boners,12,WR,26,6,4,7,0.66,20873,Terry McLaurin,terry-mclaurin,WAS,7,,8,5.08,56.2,4.4,6.8,value,0,1,0,0,0,0,0,1,250232f4-832f-4d1f-ab0b-5023d71d29af,https://www.thefantasyfootballers.com/2026-ultimate-draft-kit/udk-cheatsheets/
2026,2026-08-31,redraft,The Fear Boners,12,WR,27,6,5,7,0.66,23234,Jameson Williams,jameson-williams,DET,6,,5,5.11,59,5.3,7.7,,0,0,0,0,0,0,0,1,250232f4-832f-4d1f-ab0b-5023d71d29af,https://www.thefantasyfootballers.com/2026-ultimate-draft-kit/udk-cheatsheets/
2026,2026-08-31,redraft,The Fear Boners,12,WR,28,6,6,7,0.66,19844,DJ Moore,dj-moore,BUF,7,,9,5.08,55.6,4.2,7.1,bust,0,0,1,0,0,0,0,1,250232f4-832f-4d1f-ab0b-5023d71d29af,https://www.thefantasyfootballers.com/2026-ultimate-draft-kit/udk-cheatsheets/
2026,2026-08-31,redraft,The Fear Boners,12,WR,29,6,7,7,0.66,16470,Davante Adams,davante-adams,LAR,11,,13,5.02,50.1,5.2,7.8,,0,0,0,0,0,0,0,1,250232f4-832f-4d1f-ab0b-5023d71d29af,https://www.thefantasyfootballers.com/2026-ultimate-draft-kit/udk-cheatsheets/
2026,2026-08-31,redraft,The Fear Boners,12,WR,30,7,1,4,0.62,16597,Mike Evans,mike-evans,SF,8,,13,6.02,62.4,7.8,7.5,injured,0,0,0,0,0,1,0,1,250232f4-832f-4d1f-ab0b-5023d71d29af,https://www.thefantasyfootballers.com/2026-ultimate-draft-kit/udk-cheatsheets/
2026,2026-08-31,redraft,The Fear Boners,12,WR,31,7,2,4,0.62,24977,Rome Odunze,rome-odunze,CHI,10,,3,6.04,64.1,3.5,7.3,,0,0,0,0,0,0,0,1,250232f4-832f-4d1f-ab0b-5023d71d29af,https://www.thefantasyfootballers.com/2026-ultimate-draft-kit/udk-cheatsheets/
2026,2026-08-31,redraft,The Fear Boners,12,WR,32,7,3,4,0.62,24974,Marvin Harrison Jr.,marvin-harrison-jr,ARI,14,,3,7.05,76.6,6.2,7.3,,0,0,0,0,0,0,0,1,250232f4-832f-4d1f-ab0b-5023d71d29af,https://www.thefantasyfootballers.com/2026-ultimate-draft-kit/udk-cheatsheets/
2026,2026-08-31,redraft,The Fear Boners,12,WR,33,7,4,4,0.62,20875,DK Metcalf,dk-metcalf,PIT,9,,8,7.04,75.9,4.4,7.1,,0,0,0,0,0,0,0,1,250232f4-832f-4d1f-ab0b-5023d71d29af,https://www.thefantasyfootballers.com/2026-ultimate-draft-kit/udk-cheatsheets/
2026,2026-08-31,redraft,The Fear Boners,12,WR,34,8,1,6,0.6,23232,Alec Pierce,alec-pierce,IND,13,,5,9.03,98.7,5.8,6.9,injured,0,0,0,0,0,1,0,1,250232f4-832f-4d1f-ab0b-5023d71d29af,https://www.thefantasyfootballers.com/2026-ultimate-draft-kit/udk-cheatsheets/
2026,2026-08-31,redraft,The Fear Boners,12,WR,35,8,2,6,0.6,24933,Brian Thomas Jr.,brian-thomas-jr,JAX,7,,3,7.03,74.6,6.5,7.5,value,0,1,0,0,0,0,0,1,250232f4-832f-4d1f-ab0b-5023d71d29af,https://www.thefantasyfootballers.com/2026-ultimate-draft-kit/udk-cheatsheets/
2026,2026-08-31,redraft,The Fear Boners,12,WR,36,8,3,6,0.6,18880,Chris Godwin Jr.,chris-godwin,TB,10,,10,8.09,93.1,4.5,6.4,,0,0,0,0,0,0,0,1,250232f4-832f-4d1f-ab0b-5023d71d29af,https://www.thefantasyfootballers.com/2026-ultimate-draft-kit/udk-cheatsheets/
2026,2026-08-31,redraft,The Fear Boners,12,WR,37,8,4,6,0.6,24226,Quentin Johnston,quentin-johnston,LAC,7,,4,10.07,114.8,6.3,6.4,sleeper,0,0,0,1,0,0,0,1,250232f4-832f-4d1f-ab0b-5023d71d29af,https://www.thefantasyfootballers.com/2026-ultimate-draft-kit/udk-cheatsheets/
2026,2026-08-31,redraft,The Fear Boners,12,WR,38,8,5,6,0.6,21744,Michael Pittman Jr.,michael-pittman-jr,PIT,9,,7,9.10,105.9,3.5,4.9,,0,0,0,0,0,0,0,1,250232f4-832f-4d1f-ab0b-5023d71d29af,https://www.thefantasyfootballers.com/2026-ultimate-draft-kit/udk-cheatsheets/
2026,2026-08-31,redraft,The Fear Boners,12,WR,39,8,6,6,0.6,23170,Wan'Dale Robinson,wandale-robinson,TEN,9,,5,10.11,119,4.6,4.7,,0,0,0,0,0,0,0,1,250232f4-832f-4d1f-ab0b-5023d71d29af,https://www.thefantasyfootballers.com/2026-ultimate-draft-kit/udk-cheatsheets/
2026,2026-08-31,redraft,The Fear Boners,12,WR,40,9,1,10,0.52,24173,Michael Wilson,michael-wilson,ARI,14,,4,8.02,85.9,3.8,6.6,,0,0,0,0,0,0,0,1,250232f4-832f-4d1f-ab0b-5023d71d29af,https://www.thefantasyfootballers.com/2026-ultimate-draft-kit/udk-cheatsheets/
2026,2026-08-31,redraft,The Fear Boners,12,WR,41,9,2,10,0.52,16906,Stefon Diggs,stefon-diggs,WAS,7,,12,9.12,107.9,5.3,5,,0,0,0,0,0,0,0,1,250232f4-832f-4d1f-ab0b-5023d71d29af,https://www.thefantasyfootballers.com/2026-ultimate-draft-kit/udk-cheatsheets/
2026,2026-08-31,redraft,The Fear Boners,12,WR,42,9,3,10,0.52,19800,Courtland Sutton,courtland-sutton,DEN,10,,9,7.09,80.6,5,6,bust,0,0,1,0,0,0,0,1,250232f4-832f-4d1f-ab0b-5023d71d29af,https://www.thefantasyfootballers.com/2026-ultimate-draft-kit/udk-cheatsheets/
2026,2026-08-31,redraft,The Fear Boners,12,WR,43,9,4,10,0.52,23162,Jordan Addison,jordan-addison,MIN,6,,4,9.07,103,3.7,7.2,,0,0,0,0,0,0,0,1,250232f4-832f-4d1f-ab0b-5023d71d29af,https://www.thefantasyfootballers.com/2026-ultimate-draft-kit/udk-cheatsheets/
2026,2026-08-31,redraft,The Fear Boners,12,WR,44,9,5,10,0.52,28053,De'Zhaun Stribling,dezhaun-stribling,SF,8,,0,12.05,137.3,5.3,5.5,my_guy|sleeper|rookie,1,0,0,1,1,0,0,1,250232f4-832f-4d1f-ab0b-5023d71d29af,https://www.thefantasyfootballers.com/2026-ultimate-draft-kit/udk-cheatsheets/
2026,2026-08-31,redraft,The Fear Boners,12,WR,45,9,6,10,0.52,23233,Jayden Reed,jayden-reed,GB,11,,4,10.02,109.6,4.2,4.7,,0,0,0,0,0,0,0,1,250232f4-832f-4d1f-ab0b-5023d71d29af,https://www.thefantasyfootballers.com/2026-ultimate-draft-kit/udk-cheatsheets/
2026,2026-08-31,redraft,The Fear Boners,12,WR,46,9,7,10,0.52,24145,Josh Downs,josh-downs,IND,13,,4,10.04,112.4,4.2,7.3,sleeper,0,0,0,1,0,0,0,1,250232f4-832f-4d1f-ab0b-5023d71d29af,https://www.thefantasyfootballers.com/2026-ultimate-draft-kit/udk-cheatsheets/
2026,2026-08-31,redraft,The Fear Boners,12,WR,47,9,8,10,0.52,20876,Jakobi Meyers,jakobi-meyers,JAX,7,,8,11.03,122.8,2.7,5.2,,0,0,0,0,0,0,0,1,250232f4-832f-4d1f-ab0b-5023d71d29af,https://www.thefantasyfootballers.com/2026-ultimate-draft-kit/udk-cheatsheets/
2026,2026-08-31,redraft,The Fear Boners,12,WR,48,9,9,10,0.52,23167,Romeo Doubs,romeo-doubs,NE,11,,5,12.01,132.9,3.9,6,,0,0,0,0,0,0,0,1,250232f4-832f-4d1f-ab0b-5023d71d29af,https://www.thefantasyfootballers.com/2026-ultimate-draft-kit/udk-cheatsheets/
2026,2026-08-31,redraft,The Fear Boners,12,WR,49,9,10,10,0.52,23227,Khalil Shakir,khalil-shakir,BUF,7,,5,12.11,143.4,2.8,5.1,,0,0,0,0,0,0,0,1,250232f4-832f-4d1f-ab0b-5023d71d29af,https://www.thefantasyfootballers.com/2026-ultimate-draft-kit/udk-cheatsheets/
2026,2026-08-31,redraft,The Fear Boners,12,WR,50,10,1,18,0.45,26748,Makai Lemon,makai-lemon,PHI,10,,0,8.06,89.5,6.6,6.9,rookie|injured,0,0,0,0,1,1,0,1,250232f4-832f-4d1f-ab0b-5023d71d29af,https://www.thefantasyfootballers.com/2026-ultimate-draft-kit/udk-cheatsheets/
2026,2026-08-31,redraft,The Fear Boners,12,WR,51,10,2,18,0.45,24924,Xavier Worthy,xavier-worthy,KC,5,,3,12.07,139.3,6.2,6,,0,0,0,0,0,0,0,1,250232f4-832f-4d1f-ab0b-5023d71d29af,https://www.thefantasyfootballers.com/2026-ultimate-draft-kit/udk-cheatsheets/
2026,2026-08-31,redraft,The Fear Boners,12,WR,52,10,3,18,0.45,25103,Malik Washington,malik-washington,MIA,6,,3,15.08,175.5,4.6,5.1,,0,0,0,0,0,0,0,1,250232f4-832f-4d1f-ab0b-5023d71d29af,https://www.thefantasyfootballers.com/2026-ultimate-draft-kit/udk-cheatsheets/
2026,2026-08-31,redraft,The Fear Boners,12,WR,53,10,4,18,0.45,25122,Jalen Coker,jalen-coker,CAR,5,,3,13.02,146.1,3.7,5.8,,0,0,0,0,0,0,0,1,250232f4-832f-4d1f-ab0b-5023d71d29af,https://www.thefantasyfootballers.com/2026-ultimate-draft-kit/udk-cheatsheets/
2026,2026-08-31,redraft,The Fear Boners,12,WR,54,10,5,18,0.45,23729,Rashid Shaheed,rashid-shaheed,SEA,11,,5,13.03,147.2,4.4,5.3,,0,0,0,0,0,0,0,1,250232f4-832f-4d1f-ab0b-5023d71d29af,https://www.thefantasyfootballers.com/2026-ultimate-draft-kit/udk-cheatsheets/
2026,2026-08-31,redraft,The Fear Boners,12,WR,55,10,6,18,0.45,23121,Kayshon Boutte,kayshon-boutte,HOU,8,,4,17.10,201.7,4.4,5.8,,0,0,0,0,0,0,0,1,250232f4-832f-4d1f-ab0b-5023d71d29af,https://www.thefantasyfootballers.com/2026-ultimate-draft-kit/udk-cheatsheets/
2026,2026-08-31,redraft,The Fear Boners,12,WR,56,10,7,18,0.45,26762,KC Concepcion,kc-concepcion,CLE,11,,0,11.02,121.8,5.9,6.7,rookie,0,0,0,0,1,0,0,1,250232f4-832f-4d1f-ab0b-5023d71d29af,https://www.thefantasyfootballers.com/2026-ultimate-draft-kit/udk-cheatsheets/
2026,2026-08-31,redraft,The Fear Boners,12,WR,57,10,8,18,0.45,25922,Matthew Golden,matthew-golden,GB,11,,2,11.07,127,5.2,6.8,,0,0,0,0,0,0,0,1,250232f4-832f-4d1f-ab0b-5023d71d29af,https://www.thefantasyfootballers.com/2026-ultimate-draft-kit/udk-cheatsheets/
2026,2026-08-31,redraft,The Fear Boners,12,WR,58,10,9,18,0.45,15076,Keenan Allen,keenan-allen,IND,13,,14,17.06,197.8,5.7,3.5,,0,0,0,0,0,0,0,1,250232f4-832f-4d1f-ab0b-5023d71d29af,https://www.thefantasyfootballers.com/2026-ultimate-draft-kit/udk-cheatsheets/
2026,2026-08-31,redraft,The Fear Boners,12,WR,59,10,10,18,0.45,24177,Tre Tucker,tre-tucker,LV,13,,4,17.11,202.8,4.5,4.6,,0,0,0,0,0,0,0,1,250232f4-832f-4d1f-ab0b-5023d71d29af,https://www.thefantasyfootballers.com/2026-ultimate-draft-kit/udk-cheatsheets/
2026,2026-08-31,redraft,The Fear Boners,12,WR,60,10,11,18,0.45,26751,Jordyn Tyson,jordyn-tyson,NO,8,,0,9.02,98,7.2,7.2,rookie|injured,0,0,0,0,1,1,0,1,250232f4-832f-4d1f-ab0b-5023d71d29af,https://www.thefantasyfootballers.com/2026-ultimate-draft-kit/udk-cheatsheets/
2026,2026-08-31,redraft,The Fear Boners,12,WR,61,10,12,18,0.45,26760,Omar Cooper Jr.,omar-cooper-jr,NYJ,13,,0,17.02,194.2,6.7,5.9,rookie,0,0,0,0,1,0,0,1,250232f4-832f-4d1f-ab0b-5023d71d29af,https://www.thefantasyfootballers.com/2026-ultimate-draft-kit/udk-cheatsheets/
2026,2026-08-31,redraft,The Fear Boners,12,WR,62,10,13,18,0.45,21717,Jauan Jennings,jauan-jennings,MIN,6,,6,18.10,213.8,6.4,5.3,,0,0,0,0,0,0,0,1,250232f4-832f-4d1f-ab0b-5023d71d29af,https://www.thefantasyfootballers.com/2026-ultimate-draft-kit/udk-cheatsheets/
2026,2026-08-31,redraft,The Fear Boners,12,WR,63,10,14,18,0.45,20932,Deebo Samuel Sr.,deebo-samuel,SF,8,,8,11.10,130.1,6.3,3.7,,0,0,0,0,0,0,0,1,250232f4-832f-4d1f-ab0b-5023d71d29af,https://www.thefantasyfootballers.com/2026-ultimate-draft-kit/udk-cheatsheets/
2026,2026-08-31,redraft,The Fear Boners,12,WR,64,10,15,18,0.45,26747,Denzel Boston,denzel-boston,CLE,11,,0,15.04,172.4,4.7,4.9,rookie,0,0,0,0,1,0,0,1,250232f4-832f-4d1f-ab0b-5023d71d29af,https://www.thefantasyfootballers.com/2026-ultimate-draft-kit/udk-cheatsheets/
2026,2026-08-31,redraft,The Fear Boners,12,WR,65,10,16,18,0.45,23253,Dontayvion Wicks,dontayvion-wicks,PHI,10,,4,,,5.3,4.3,,0,0,0,0,0,0,0,1,250232f4-832f-4d1f-ab0b-5023d71d29af,https://www.thefantasyfootballers.com/2026-ultimate-draft-kit/udk-cheatsheets/
2026,2026-08-31,redraft,The Fear Boners,12,WR,66,10,17,18,0.45,25975,Pat Bryant,pat-bryant,DEN,10,,2,19.11,227.2,4,4.7,,0,0,0,0,0,0,0,1,250232f4-832f-4d1f-ab0b-5023d71d29af,https://www.thefantasyfootballers.com/2026-ultimate-draft-kit/udk-cheatsheets/
2026,2026-08-31,redraft,The Fear Boners,12,WR,67,10,18,18,0.45,23368,Jalen Nailor,jalen-nailor,LV,13,,5,16.05,184.7,4.9,3.9,,0,0,0,0,0,0,0,2,250232f4-832f-4d1f-ab0b-5023d71d29af,https://www.thefantasyfootballers.com/2026-ultimate-draft-kit/udk-cheatsheets/
2026,2026-08-31,redraft,The Fear Boners,12,WR,68,11,1,64,0.32,26056,Travis Hunter,travis-hunter,JAX,7,,2,14.12,167.5,8.3,6.3,injured,0,0,0,0,0,1,0,2,250232f4-832f-4d1f-ab0b-5023d71d29af,https://www.thefantasyfootballers.com/2026-ultimate-draft-kit/udk-cheatsheets/
2026,2026-08-31,redraft,The Fear Boners,12,WR,69,11,2,64,0.32,18882,Cooper Kupp,cooper-kupp,SEA,11,,10,17.07,199,5.3,3.5,,0,0,0,0,0,0,0,2,250232f4-832f-4d1f-ab0b-5023d71d29af,https://www.thefantasyfootballers.com/2026-ultimate-draft-kit/udk-cheatsheets/
2026,2026-08-31,redraft,The Fear Boners,12,WR,70,11,3,64,0.32,21692,Jerry Jeudy,jerry-jeudy,CLE,11,,7,16.10,190.1,5.5,5.5,,0,0,0,0,0,0,0,2,250232f4-832f-4d1f-ab0b-5023d71d29af,https://www.thefantasyfootballers.com/2026-ultimate-draft-kit/udk-cheatsheets/
2026,2026-08-31,redraft,The Fear Boners,12,WR,71,11,4,64,0.32,24180,DeMario Douglas,demario-douglas,NE,11,,4,,,4.8,4.1,,0,0,0,0,0,0,0,2,250232f4-832f-4d1f-ab0b-5023d71d29af,https://www.thefantasyfootballers.com/2026-ultimate-draft-kit/udk-cheatsheets/
2026,2026-08-31,redraft,The Fear Boners,12,WR,72,11,5,64,0.32,25935,Malachi Fields,malachi-fields,NYG,8,,0,19.04,219.6,5.4,3.7,rookie,0,0,0,0,1,0,0,2,250232f4-832f-4d1f-ab0b-5023d71d29af,https://www.thefantasyfootballers.com/2026-ultimate-draft-kit/udk-cheatsheets/
2026,2026-08-31,redraft,The Fear Boners,12,WR,73,11,6,64,0.32,26746,Ja'Kobi Lane,jakobi-lane,BAL,13,,0,14.03,159,5.3,4.8,rookie,0,0,0,0,1,0,0,2,250232f4-832f-4d1f-ab0b-5023d71d29af,https://www.thefantasyfootballers.com/2026-ultimate-draft-kit/udk-cheatsheets/
2026,2026-08-31,redraft,The Fear Boners,12,WR,74,11,7,64,0.32,24176,Tank Dell,nathaniel-dell,HOU,8,,4,16.06,185.5,8.5,6.3,,0,0,0,0,0,0,0,2,250232f4-832f-4d1f-ab0b-5023d71d29af,https://www.thefantasyfootballers.com/2026-ultimate-draft-kit/udk-cheatsheets/
2026,2026-08-31,redraft,The Fear Boners,12,WR,75,11,8,64,0.32,24954,Adonai Mitchell,adonai-mitchell,NYJ,13,,3,20.03,231,4.6,4.5,,0,0,0,0,0,0,0,2,250232f4-832f-4d1f-ab0b-5023d71d29af,https://www.thefantasyfootballers.com/2026-ultimate-draft-kit/udk-cheatsheets/
2026,2026-08-31,redraft,The Fear Boners,12,WR,76,11,9,64,0.32,26750,Germie Bernard,germie-bernard,PIT,9,,0,20.02,229.8,5.4,4.1,rookie,0,0,0,0,1,0,0,2,250232f4-832f-4d1f-ab0b-5023d71d29af,https://www.thefantasyfootballers.com/2026-ultimate-draft-kit/udk-cheatsheets/
2026,2026-08-31,redraft,The Fear Boners,12,WR,77,11,10,64,0.32,26979,Cyrus Allen,cyrus-allen,KC,5,,0,15.08,176.3,5.3,4.7,rookie,0,0,0,0,1,0,0,2,250232f4-832f-4d1f-ab0b-5023d71d29af,https://www.thefantasyfootballers.com/2026-ultimate-draft-kit/udk-cheatsheets/
2026,2026-08-31,redraft,The Fear Boners,12,WR,78,11,11,64,0.32,25912,Kyle Williams,kyle-williams-2,NE,11,,2,19.06,222.1,5,5.7,,0,0,0,0,0,0,0,2,250232f4-832f-4d1f-ab0b-5023d71d29af,https://www.thefantasyfootballers.com/2026-ultimate-draft-kit/udk-cheatsheets/
2026,2026-08-31,redraft,The Fear Boners,12,WR,79,11,12,64,0.32,19802,Calvin Ridley,calvin-ridley,TEN,9,,8,22.01,253.2,5.2,4.7,,0,0,0,0,0,0,0,2,250232f4-832f-4d1f-ab0b-5023d71d29af,https://www.thefantasyfootballers.com/2026-ultimate-draft-kit/udk-cheatsheets/
2026,2026-08-31,redraft,The Fear Boners,12,WR,80,11,13,64,0.32,25925,Tre' Harris,tre-harris,LAC,7,,2,20.03,230.5,4.3,5.1,,0,0,0,0,0,0,0,2,250232f4-832f-4d1f-ab0b-5023d71d29af,https://www.thefantasyfootballers.com/2026-ultimate-draft-kit/udk-cheatsheets/
2026,2026-08-31,redraft,The Fear Boners,12,WR,81,11,14,64,0.32,24964,Keon Coleman,keon-coleman,BUF,7,,3,20.07,234.8,5.4,5.3,,0,0,0,0,0,0,0,2,250232f4-832f-4d1f-ab0b-5023d71d29af,https://www.thefantasyfootballers.com/2026-ultimate-draft-kit/udk-cheatsheets/
2026,2026-08-31,redraft,The Fear Boners,12,WR,82,11,15,64,0.32,25124,Ryan Flournoy,ryan-flournoy,DAL,14,,3,20.03,230.7,4.3,4.8,,0,0,0,0,0,0,0,2,250232f4-832f-4d1f-ab0b-5023d71d29af,https://www.thefantasyfootballers.com/2026-ultimate-draft-kit/udk-cheatsheets/
2026,2026-08-31,redraft,The Fear Boners,12,WR,83,11,16,64,0.32,26909,Zachariah Branch,zachariah-branch,ATL,11,,0,18.06,210.3,4.3,5.2,rookie,0,0,0,0,1,0,0,2,250232f4-832f-4d1f-ab0b-5023d71d29af,https://www.thefantasyfootballers.com/2026-ultimate-draft-kit/udk-cheatsheets/
2026,2026-08-31,redraft,The Fear Boners,12,WR,84,11,17,64,0.32,26862,Caleb Douglas,caleb-douglas,MIA,6,,0,17.06,197.6,5.3,4.4,rookie,0,0,0,0,1,0,0,2,250232f4-832f-4d1f-ab0b-5023d71d29af,https://www.thefantasyfootballers.com/2026-ultimate-draft-kit/udk-cheatsheets/
2026,2026-08-31,redraft,The Fear Boners,12,WR,85,11,18,64,0.32,20943,Darius Slayton,darius-slayton,NYG,8,,8,,,4.9,3.9,,0,0,0,0,0,0,0,2,250232f4-832f-4d1f-ab0b-5023d71d29af,https://www.thefantasyfootballers.com/2026-ultimate-draft-kit/udk-cheatsheets/
2026,2026-08-31,redraft,The Fear Boners,12,WR,86,11,19,64,0.32,25198,Devaughn Vele,devaughn-vele,NO,8,,3,20.12,239.8,4.8,4.3,,0,0,0,0,0,0,0,2,250232f4-832f-4d1f-ab0b-5023d71d29af,https://www.thefantasyfootballers.com/2026-ultimate-draft-kit/udk-cheatsheets/
2026,2026-08-31,redraft,The Fear Boners,12,WR,87,11,20,64,0.32,25914,Jaylin Noel,jaylin-noel,HOU,8,,2,18.10,213.7,4.2,3.5,,0,0,0,0,0,0,0,2,250232f4-832f-4d1f-ab0b-5023d71d29af,https://www.thefantasyfootballers.com/2026-ultimate-draft-kit/udk-cheatsheets/
2026,2026-08-31,redraft,The Fear Boners,12,WR,88,11,21,64,0.32,24347,Xavier Hutchinson,xavier-hutchinson,HOU,8,,4,,,3.5,2,,0,0,0,0,0,0,0,2,250232f4-832f-4d1f-ab0b-5023d71d29af,https://www.thefantasyfootballers.com/2026-ultimate-draft-kit/udk-cheatsheets/
2026,2026-08-31,redraft,The Fear Boners,12,WR,89,11,22,64,0.32,22597,Jalen Tolbert,jalen-tolbert,MIA,6,,5,,,4.4,3.1,,0,0,0,0,0,0,0,2,250232f4-832f-4d1f-ab0b-5023d71d29af,https://www.thefantasyfootballers.com/2026-ultimate-draft-kit/udk-cheatsheets/
2026,2026-08-31,redraft,The Fear Boners,12,WR,90,11,23,64,0.32,24989,Tory Horton,tory-horton,SEA,11,,2,20.01,228.7,5.1,4,,0,0,0,0,0,0,0,2,250232f4-832f-4d1f-ab0b-5023d71d29af,https://www.thefantasyfootballers.com/2026-ultimate-draft-kit/udk-cheatsheets/
2026,2026-08-31,redraft,The Fear Boners,12,WR,91,11,24,64,0.32,22623,Rashod Bateman,rashod-bateman,BAL,13,,6,20.05,232.7,5.2,3.8,,0,0,0,0,0,0,0,2,250232f4-832f-4d1f-ab0b-5023d71d29af,https://www.thefantasyfootballers.com/2026-ultimate-draft-kit/udk-cheatsheets/
2026,2026-08-31,redraft,The Fear Boners,12,WR,92,11,25,64,0.32,26101,Isaac TeSlaa,isaac-teslaa,DET,6,,2,20.01,228.9,7.8,6.3,,0,0,0,0,0,0,0,2,250232f4-832f-4d1f-ab0b-5023d71d29af,https://www.thefantasyfootballers.com/2026-ultimate-draft-kit/udk-cheatsheets/
2026,2026-08-31,redraft,The Fear Boners,12,WR,93,11,26,64,0.32,25098,Jalen McMillan,jalen-mcmillan,TB,10,,3,18.08,211.6,3.5,4,,0,0,0,0,0,0,0,2,250232f4-832f-4d1f-ab0b-5023d71d29af,https://www.thefantasyfootballers.com/2026-ultimate-draft-kit/udk-cheatsheets/
2026,2026-08-31,redraft,The Fear Boners,12,WR,94,11,27,64,0.32,26859,Antonio Williams,antonio-williams-2,WAS,7,,0,20.08,235.8,5.3,5.2,rookie,0,0,0,0,1,0,0,2,250232f4-832f-4d1f-ab0b-5023d71d29af,https://www.thefantasyfootballers.com/2026-ultimate-draft-kit/udk-cheatsheets/
2026,2026-08-31,redraft,The Fear Boners,12,WR,95,11,28,64,0.32,25894,Jack Bech,jack-bech,LV,13,,2,20.10,238.2,4.6,5.2,,0,0,0,0,0,0,0,2,250232f4-832f-4d1f-ab0b-5023d71d29af,https://www.thefantasyfootballers.com/2026-ultimate-draft-kit/udk-cheatsheets/
2026,2026-08-31,redraft,The Fear Boners,12,WR,96,11,29,64,0.32,24973,Troy Franklin,troy-franklin,DEN,10,,3,21.02,241.8,4,3.7,,0,0,0,0,0,0,0,2,250232f4-832f-4d1f-ab0b-5023d71d29af,https://www.thefantasyfootballers.com/2026-ultimate-draft-kit/udk-cheatsheets/
2026,2026-08-31,redraft,The Fear Boners,12,WR,97,11,30,64,0.32,26745,Chris Bell,chris-bell,MIA,6,,0,21.01,240.9,6.3,5.6,rookie|injured,0,0,0,0,1,1,0,2,250232f4-832f-4d1f-ab0b-5023d71d29af,https://www.thefantasyfootballers.com/2026-ultimate-draft-kit/udk-cheatsheets/
2026,2026-08-31,redraft,The Fear Boners,12,WR,98,11,31,64,0.32,25964,Elic Ayomanor,elic-ayomanor,TEN,9,,2,21.02,241.5,4.7,4.1,,0,0,0,0,0,0,0,2,250232f4-832f-4d1f-ab0b-5023d71d29af,https://www.thefantasyfootballers.com/2026-ultimate-draft-kit/udk-cheatsheets/
2026,2026-08-31,redraft,The Fear Boners,12,WR,99,11,32,64,0.32,24119,Andrei Iosivas,andrei-iosivas,CIN,6,,4,,,3.7,3.9,,0,0,0,0,0,0,0,2,250232f4-832f-4d1f-ab0b-5023d71d29af,https://www.thefantasyfootballers.com/2026-ultimate-draft-kit/udk-cheatsheets/
2026,2026-08-31,redraft,The Fear Boners,12,WR,100,11,33,64,0.32,23469,Tyquan Thornton,tyquan-thornton,KC,5,,5,,,5.8,3.7,,0,0,0,0,0,0,0,2,250232f4-832f-4d1f-ab0b-5023d71d29af,https://www.thefantasyfootballers.com/2026-ultimate-draft-kit/udk-cheatsheets/
2026,2026-08-31,redraft,The Fear Boners,12,WR,101,11,34,64,0.32,25934,Tez Johnson,tez-johnson,TB,10,,2,,,4.6,3.6,,0,0,0,0,0,0,0,2,250232f4-832f-4d1f-ab0b-5023d71d29af,https://www.thefantasyfootballers.com/2026-ultimate-draft-kit/udk-cheatsheets/
2026,2026-08-31,redraft,The Fear Boners,12,WR,102,11,35,64,0.32,21961,Darnell Mooney,darnell-mooney,NYG,8,,7,21.09,249.2,4.8,3.8,,0,0,0,0,0,0,0,2,250232f4-832f-4d1f-ab0b-5023d71d29af,https://www.thefantasyfootballers.com/2026-ultimate-draft-kit/udk-cheatsheets/
2026,2026-08-31,redraft,The Fear Boners,12,WR,103,11,36,64,0.32,25987,Chimere Dike,chimere-dike,TEN,9,,2,20.01,229.4,5.1,3.7,,0,0,0,0,0,0,0,2,250232f4-832f-4d1f-ab0b-5023d71d29af,https://www.thefantasyfootballers.com/2026-ultimate-draft-kit/udk-cheatsheets/
2026,2026-08-31,redraft,The Fear Boners,12,WR,104,11,37,64,0.32,26807,Ted Hurst III,ted-hurst,TB,10,,0,20.12,239.6,4.3,3.3,rookie,0,0,0,0,1,0,0,2,250232f4-832f-4d1f-ab0b-5023d71d29af,https://www.thefantasyfootballers.com/2026-ultimate-draft-kit/udk-cheatsheets/
2026,2026-08-31,redraft,The Fear Boners,12,WR,105,11,38,64,0.32,23155,Jahan Dotson,jahan-dotson,ATL,11,,5,,,3.5,2.5,,0,0,0,0,0,0,0,2,250232f4-832f-4d1f-ab0b-5023d71d29af,https://www.thefantasyfootballers.com/2026-ultimate-draft-kit/udk-cheatsheets/
2026,2026-08-31,redraft,The Fear Boners,12,WR,106,11,39,64,0.32,19815,Christian Kirk,christian-kirk,SF,8,,9,21.02,241.7,5.8,3.9,,0,0,0,0,0,0,0,2,250232f4-832f-4d1f-ab0b-5023d71d29af,https://www.thefantasyfootballers.com/2026-ultimate-draft-kit/udk-cheatsheets/
2026,2026-08-31,redraft,The Fear Boners,12,WR,107,11,40,64,0.32,19318,Kendrick Bourne,kendrick-bourne,ARI,14,,10,,,3.7,2.7,,0,0,0,0,0,0,0,2,250232f4-832f-4d1f-ab0b-5023d71d29af,https://www.thefantasyfootballers.com/2026-ultimate-draft-kit/udk-cheatsheets/
2026,2026-08-31,redraft,The Fear Boners,12,WR,108,11,41,64,0.32,26952,Malik Benson,malik-benson,LV,13,,0,,,5.5,3.5,rookie,0,0,0,0,1,0,0,2,250232f4-832f-4d1f-ab0b-5023d71d29af,https://www.thefantasyfootballers.com/2026-ultimate-draft-kit/udk-cheatsheets/
2026,2026-08-31,redraft,The Fear Boners,12,WR,109,11,42,64,0.32,26852,Bryce Lance,bryce-lance,NO,8,,0,,,8,6,rookie,0,0,0,0,1,0,0,2,250232f4-832f-4d1f-ab0b-5023d71d29af,https://www.thefantasyfootballers.com/2026-ultimate-draft-kit/udk-cheatsheets/
2026,2026-08-31,redraft,The Fear Boners,12,WR,110,11,43,64,0.32,18422,Kalif Raymond,kalif-raymond,CHI,10,,10,,,4.7,3.3,,0,0,0,0,0,0,0,2,250232f4-832f-4d1f-ab0b-5023d71d29af,https://www.thefantasyfootballers.com/2026-ultimate-draft-kit/udk-cheatsheets/
2026,2026-08-31,redraft,The Fear Boners,12,WR,111,11,44,64,0.32,25039,Roman Wilson,roman-wilson,PIT,9,,3,,,5.1,2.7,,0,0,0,0,0,0,0,2,250232f4-832f-4d1f-ab0b-5023d71d29af,https://www.thefantasyfootballers.com/2026-ultimate-draft-kit/udk-cheatsheets/
2026,2026-08-31,redraft,The Fear Boners,12,WR,112,11,45,64,0.32,21142,Olamide Zaccheaus,olamide-zaccheaus,ATL,11,,8,,,2.5,2.5,,0,0,0,0,0,0,0,2,250232f4-832f-4d1f-ab0b-5023d71d29af,https://www.thefantasyfootballers.com/2026-ultimate-draft-kit/udk-cheatsheets/
2026,2026-08-31,redraft,The Fear Boners,12,WR,113,11,46,64,0.32,23165,Marvin Mims Jr.,marvin-mims,DEN,10,,4,19.04,219.5,4.7,2.3,,0,0,0,0,0,0,0,2,250232f4-832f-4d1f-ab0b-5023d71d29af,https://www.thefantasyfootballers.com/2026-ultimate-draft-kit/udk-cheatsheets/
2026,2026-08-31,redraft,The Fear Boners,12,WR,114,11,47,64,0.32,25201,Jordan Whittington,jordan-whittington,LAR,11,,3,,,4.7,3.3,,0,0,0,0,0,0,0,2,250232f4-832f-4d1f-ab0b-5023d71d29af,https://www.thefantasyfootballers.com/2026-ultimate-draft-kit/udk-cheatsheets/
2026,2026-08-31,redraft,The Fear Boners,12,WR,115,11,48,64,0.32,19023,Mack Hollins,mack-hollins,NE,11,,10,,,5.3,3.4,,0,0,0,0,0,0,0,2,250232f4-832f-4d1f-ab0b-5023d71d29af,https://www.thefantasyfootballers.com/2026-ultimate-draft-kit/udk-cheatsheets/
2026,2026-08-31,redraft,The Fear Boners,12,WR,116,11,49,64,0.32,23119,Treylon Burks,treylon-burks,WAS,7,,5,,,5.7,3.6,,0,0,0,0,0,0,0,2,250232f4-832f-4d1f-ab0b-5023d71d29af,https://www.thefantasyfootballers.com/2026-ultimate-draft-kit/udk-cheatsheets/
2026,2026-08-31,redraft,The Fear Boners,12,WR,117,11,50,64,0.32,26102,Dont'e Thornton Jr.,donte-thornton-jr,LV,13,,2,,,5.6,3.5,,0,0,0,0,0,0,0,2,250232f4-832f-4d1f-ab0b-5023d71d29af,https://www.thefantasyfootballers.com/2026-ultimate-draft-kit/udk-cheatsheets/
2026,2026-08-31,redraft,The Fear Boners,12,WR,118,11,51,64,0.32,26809,Brenen Thompson,brenen-thompson,LAC,7,,0,,,5.6,3.8,rookie,0,0,0,0,1,0,0,2,250232f4-832f-4d1f-ab0b-5023d71d29af,https://www.thefantasyfootballers.com/2026-ultimate-draft-kit/udk-cheatsheets/
2026,2026-08-31,redraft,The Fear Boners,12,WR,119,11,52,64,0.32,25003,Xavier Legette,xavier-legette,CAR,5,,3,,,4.7,4.2,,0,0,0,0,0,0,0,2,250232f4-832f-4d1f-ab0b-5023d71d29af,https://www.thefantasyfootballers.com/2026-ultimate-draft-kit/udk-cheatsheets/
2026,2026-08-31,redraft,The Fear Boners,12,WR,120,11,53,64,0.32,25892,Elijah Sarratt,elijah-sarratt,BAL,13,,0,20.01,229.2,4.5,4.3,rookie,0,0,0,0,1,0,0,2,250232f4-832f-4d1f-ab0b-5023d71d29af,https://www.thefantasyfootballers.com/2026-ultimate-draft-kit/udk-cheatsheets/
2026,2026-08-31,redraft,The Fear Boners,12,WR,121,11,54,64,0.32,22566,Calvin Austin III,calvin-austin-iii,NYG,8,,5,,,4,2,,0,0,0,0,0,0,0,2,250232f4-832f-4d1f-ab0b-5023d71d29af,https://www.thefantasyfootballers.com/2026-ultimate-draft-kit/udk-cheatsheets/
2026,2026-08-31,redraft,The Fear Boners,12,WR,122,11,55,64,0.32,26799,Skyler Bell,skyler-bell,BUF,7,,0,,,3.5,3,rookie,0,0,0,0,1,0,0,2,250232f4-832f-4d1f-ab0b-5023d71d29af,https://www.thefantasyfootballers.com/2026-ultimate-draft-kit/udk-cheatsheets/
2026,2026-08-31,redraft,The Fear Boners,12,WR,123,11,56,64,0.32,21739,Van Jefferson,van-jefferson,FA,,,7,41.04,484.3,4,2,,0,0,0,0,0,0,0,2,250232f4-832f-4d1f-ab0b-5023d71d29af,https://www.thefantasyfootballers.com/2026-ultimate-draft-kit/udk-cheatsheets/
2026,2026-08-31,redraft,The Fear Boners,12,WR,124,11,57,64,0.32,22602,Tutu Atwell,tutu-atwell,LAR,11,,6,,,5,2.9,,0,0,0,0,0,0,0,2,250232f4-832f-4d1f-ab0b-5023d71d29af,https://www.thefantasyfootballers.com/2026-ultimate-draft-kit/udk-cheatsheets/
2026,2026-08-31,redraft,The Fear Boners,12,WR,125,11,58,64,0.32,24978,Devontez Walker,devontez-walker,BAL,13,,3,,,4.3,3,,0,0,0,0,0,0,0,2,250232f4-832f-4d1f-ab0b-5023d71d29af,https://www.thefantasyfootballers.com/2026-ultimate-draft-kit/udk-cheatsheets/
2026,2026-08-31,redraft,The Fear Boners,12,WR,126,11,59,64,0.32,25976,Jaylin Lane,jaylin-lane,WAS,7,,2,,,4,3,,0,0,0,0,0,0,0,2,250232f4-832f-4d1f-ab0b-5023d71d29af,https://www.thefantasyfootballers.com/2026-ultimate-draft-kit/udk-cheatsheets/
2026,2026-08-31,redraft,The Fear Boners,12,WR,127,11,60,64,0.32,21045,Hollywood Brown,marquise-brown,PHI,10,,8,,,5.1,3.7,,0,0,0,0,0,0,0,2,250232f4-832f-4d1f-ab0b-5023d71d29af,https://www.thefantasyfootballers.com/2026-ultimate-draft-kit/udk-cheatsheets/
2026,2026-08-31,redraft,The Fear Boners,12,WR,128,11,61,64,0.32,24348,Cedric Tillman,cedric-tillman,FA,,,4,56.07,667.4,4.5,3.6,,0,0,0,0,0,0,0,2,250232f4-832f-4d1f-ab0b-5023d71d29af,https://www.thefantasyfootballers.com/2026-ultimate-draft-kit/udk-cheatsheets/
2026,2026-08-31,redraft,The Fear Boners,12,WR,129,11,62,64,0.32,26731,Chris Brazzell II,chris-brazzell-ii,CAR,5,,0,34.04,400,7,2.8,rookie|injured,0,0,0,0,1,1,0,2,250232f4-832f-4d1f-ab0b-5023d71d29af,https://www.thefantasyfootballers.com/2026-ultimate-draft-kit/udk-cheatsheets/
2026,2026-08-31,redraft,The Fear Boners,12,WR,130,11,63,64,0.32,26948,Zavion Thomas,zavion-thomas,CHI,10,,0,,,6.3,4.3,rookie,0,0,0,0,1,0,0,2,250232f4-832f-4d1f-ab0b-5023d71d29af,https://www.thefantasyfootballers.com/2026-ultimate-draft-kit/udk-cheatsheets/
2026,2026-08-31,redraft,The Fear Boners,12,WR,131,11,64,64,0.32,26969,Kendrick Law,kendrick-law,DET,6,,0,,,7.5,2.2,rookie,0,0,0,0,1,0,0,2,250232f4-832f-4d1f-ab0b-5023d71d29af,https://www.thefantasyfootballers.com/2026-ultimate-draft-kit/udk-cheatsheets/
2026,2026-08-31,redraft,The Fear Boners,12,TE,1,1,1,2,1,24943,Brock Bowers,brock-bowers,LV,13,,3,2.11,23.2,2.5,9.8,,0,0,0,0,0,0,0,1,250232f4-832f-4d1f-ab0b-5023d71d29af,https://www.thefantasyfootballers.com/2026-ultimate-draft-kit/udk-cheatsheets/
2026,2026-08-31,redraft,The Fear Boners,12,TE,2,1,2,2,1,23251,Trey McBride,trey-mcbride,ARI,14,,5,2.12,24.3,4.2,8.3,,0,0,0,0,0,0,0,1,250232f4-832f-4d1f-ab0b-5023d71d29af,https://www.thefantasyfootballers.com/2026-ultimate-draft-kit/udk-cheatsheets/
2026,2026-08-31,redraft,The Fear Boners,12,TE,3,2,1,2,0.9,25874,Tyler Warren,tyler-warren,IND,13,,2,5.02,49.7,3.4,8.8,,0,0,0,0,0,0,0,1,250232f4-832f-4d1f-ab0b-5023d71d29af,https://www.thefantasyfootballers.com/2026-ultimate-draft-kit/udk-cheatsheets/
2026,2026-08-31,redraft,The Fear Boners,12,TE,4,2,2,2,0.9,25869,Colston Loveland,colston-loveland,CHI,10,,2,4.05,40.5,4.2,9.2,my_guy|breakout,1,0,0,0,0,0,1,1,250232f4-832f-4d1f-ab0b-5023d71d29af,https://www.thefantasyfootballers.com/2026-ultimate-draft-kit/udk-cheatsheets/
2026,2026-08-31,redraft,The Fear Boners,12,TE,5,3,1,3,0.78,25870,Harold Fannin Jr.,harold-fannin-jr,CLE,11,,2,6.11,70.6,4.1,8.6,breakout,0,0,0,0,0,0,1,1,250232f4-832f-4d1f-ab0b-5023d71d29af,https://www.thefantasyfootballers.com/2026-ultimate-draft-kit/udk-cheatsheets/
2026,2026-08-31,redraft,The Fear Boners,12,TE,6,3,2,3,0.78,24118,Tucker Kraft,tucker-kraft,GB,11,,4,6.03,62.8,5.5,8.2,injured,0,0,0,0,0,1,0,1,250232f4-832f-4d1f-ab0b-5023d71d29af,https://www.thefantasyfootballers.com/2026-ultimate-draft-kit/udk-cheatsheets/
2026,2026-08-31,redraft,The Fear Boners,12,TE,7,3,3,3,0.78,19063,George Kittle,george-kittle,SF,8,,10,7.11,83.2,8,8.4,injured,0,0,0,0,0,1,0,1,250232f4-832f-4d1f-ab0b-5023d71d29af,https://www.thefantasyfootballers.com/2026-ultimate-draft-kit/udk-cheatsheets/
2026,2026-08-31,redraft,The Fear Boners,12,TE,8,4,1,9,0.7,23141,Sam LaPorta,sam-laporta,DET,6,,4,5.11,58.8,4.4,6.2,value|injured,0,1,0,0,0,1,0,1,250232f4-832f-4d1f-ab0b-5023d71d29af,https://www.thefantasyfootballers.com/2026-ultimate-draft-kit/udk-cheatsheets/
2026,2026-08-31,redraft,The Fear Boners,12,TE,9,4,2,9,0.7,22508,Kyle Pitts Sr.,kyle-pitts,ATL,11,,6,6.09,68.6,5.8,6.3,,0,0,0,0,0,0,0,1,250232f4-832f-4d1f-ab0b-5023d71d29af,https://www.thefantasyfootballers.com/2026-ultimate-draft-kit/udk-cheatsheets/
2026,2026-08-31,redraft,The Fear Boners,12,TE,10,4,3,9,0.7,21738,Juwan Johnson,juwan-johnson,NO,8,,7,16.02,182,3.8,5.2,,0,0,0,0,0,0,0,1,250232f4-832f-4d1f-ab0b-5023d71d29af,https://www.thefantasyfootballers.com/2026-ultimate-draft-kit/udk-cheatsheets/
2026,2026-08-31,redraft,The Fear Boners,12,TE,11,4,4,9,0.7,19920,Dalton Schultz,dalton-schultz,HOU,8,,9,16.09,188.8,3.1,4.8,,0,0,0,0,0,0,0,1,250232f4-832f-4d1f-ab0b-5023d71d29af,https://www.thefantasyfootballers.com/2026-ultimate-draft-kit/udk-cheatsheets/
2026,2026-08-31,redraft,The Fear Boners,12,TE,12,4,5,9,0.7,15048,Travis Kelce,travis-kelce,KC,5,,14,8.05,89.1,4.8,5.5,,0,0,0,0,0,0,0,1,250232f4-832f-4d1f-ab0b-5023d71d29af,https://www.thefantasyfootballers.com/2026-ultimate-draft-kit/udk-cheatsheets/
2026,2026-08-31,redraft,The Fear Boners,12,TE,13,4,6,9,0.7,23138,Jake Ferguson,jake-ferguson,DAL,14,,5,9.02,97.9,5.3,6.4,bust,0,0,1,0,0,0,0,1,250232f4-832f-4d1f-ab0b-5023d71d29af,https://www.thefantasyfootballers.com/2026-ultimate-draft-kit/udk-cheatsheets/
2026,2026-08-31,redraft,The Fear Boners,12,TE,14,4,7,9,0.7,23256,Isaiah Likely,isaiah-likely,NYG,8,,5,9.12,107.6,3.8,5.8,sleeper,0,0,0,1,0,0,0,1,250232f4-832f-4d1f-ab0b-5023d71d29af,https://www.thefantasyfootballers.com/2026-ultimate-draft-kit/udk-cheatsheets/
2026,2026-08-31,redraft,The Fear Boners,12,TE,15,4,8,9,0.7,24102,Dalton Kincaid,dalton-kincaid,BUF,7,,4,8.04,87.7,5.8,7.7,bust,0,0,1,0,0,0,0,1,250232f4-832f-4d1f-ab0b-5023d71d29af,https://www.thefantasyfootballers.com/2026-ultimate-draft-kit/udk-cheatsheets/
2026,2026-08-31,redraft,The Fear Boners,12,TE,16,4,9,9,0.7,19863,Dallas Goedert,dallas-goedert,PHI,10,,9,10.12,120.3,5.1,6.3,,0,0,0,0,0,0,0,1,250232f4-832f-4d1f-ab0b-5023d71d29af,https://www.thefantasyfootballers.com/2026-ultimate-draft-kit/udk-cheatsheets/
2026,2026-08-31,redraft,The Fear Boners,12,TE,17,5,1,3,0.58,24223,Brenton Strange,brenton-strange,JAX,7,,4,13.08,152.2,3.6,5.5,value,0,1,0,0,0,0,0,1,250232f4-832f-4d1f-ab0b-5023d71d29af,https://www.thefantasyfootballers.com/2026-ultimate-draft-kit/udk-cheatsheets/
2026,2026-08-31,redraft,The Fear Boners,12,TE,18,5,2,3,0.58,19803,Mark Andrews,mark-andrews,BAL,13,,9,11.08,128.1,4,5.5,,0,0,0,0,0,0,0,1,250232f4-832f-4d1f-ab0b-5023d71d29af,https://www.thefantasyfootballers.com/2026-ultimate-draft-kit/udk-cheatsheets/
2026,2026-08-31,redraft,The Fear Boners,12,TE,19,5,3,3,0.58,17975,Hunter Henry,hunter-henry,NE,11,,11,12.10,141.6,3.4,5.9,,0,0,0,0,0,0,0,1,250232f4-832f-4d1f-ab0b-5023d71d29af,https://www.thefantasyfootballers.com/2026-ultimate-draft-kit/udk-cheatsheets/
2026,2026-08-31,redraft,The Fear Boners,12,TE,20,6,1,5,0.54,23489,Chig Okonkwo,chigoziem-okonkwo,WAS,7,,5,16.12,192.2,3.8,5.2,sleeper,0,0,0,1,0,0,0,1,250232f4-832f-4d1f-ab0b-5023d71d29af,https://www.thefantasyfootballers.com/2026-ultimate-draft-kit/udk-cheatsheets/
2026,2026-08-31,redraft,The Fear Boners,12,TE,21,6,2,5,0.54,23310,Greg Dulcich,greg-dulcich,MIA,6,,5,20.02,229.7,4.8,5.8,sleeper,0,0,0,1,0,0,0,1,250232f4-832f-4d1f-ab0b-5023d71d29af,https://www.thefantasyfootballers.com/2026-ultimate-draft-kit/udk-cheatsheets/
2026,2026-08-31,redraft,The Fear Boners,12,TE,22,6,3,5,0.54,20805,T.J. Hockenson,tj-hockenson,MIN,6,,8,14.09,164.9,4.1,5.2,,0,0,0,0,0,0,0,1,250232f4-832f-4d1f-ab0b-5023d71d29af,https://www.thefantasyfootballers.com/2026-ultimate-draft-kit/udk-cheatsheets/
2026,2026-08-31,redraft,The Fear Boners,12,TE,23,6,4,5,0.54,26755,Kenyon Sadiq,kenyon-sadiq,NYJ,13,,0,15.03,170.8,4.6,5.4,rookie|injured,0,0,0,0,1,1,0,1,250232f4-832f-4d1f-ab0b-5023d71d29af,https://www.thefantasyfootballers.com/2026-ultimate-draft-kit/udk-cheatsheets/
2026,2026-08-31,redraft,The Fear Boners,12,TE,24,6,5,5,0.54,22507,Pat Freiermuth,pat-freiermuth,PIT,9,,6,20.12,239.9,4.2,3.8,,0,0,0,0,0,0,0,1,250232f4-832f-4d1f-ab0b-5023d71d29af,https://www.thefantasyfootballers.com/2026-ultimate-draft-kit/udk-cheatsheets/
2026,2026-08-31,redraft,The Fear Boners,12,TE,25,7,1,11,0.45,23134,Cade Otton,cade-otton,TB,10,,5,20.05,233.1,3.8,3.8,,0,0,0,0,0,0,0,1,250232f4-832f-4d1f-ab0b-5023d71d29af,https://www.thefantasyfootballers.com/2026-ultimate-draft-kit/udk-cheatsheets/
2026,2026-08-31,redraft,The Fear Boners,12,TE,26,7,2,11,0.45,25106,AJ Barner,aj-barner,SEA,11,,3,16.01,181.4,3.9,4.2,,0,0,0,0,0,0,0,1,250232f4-832f-4d1f-ab0b-5023d71d29af,https://www.thefantasyfootballers.com/2026-ultimate-draft-kit/udk-cheatsheets/
2026,2026-08-31,redraft,The Fear Boners,12,TE,27,7,3,11,0.45,25876,Oronde Gadsden,oronde-gadsden-ii,LAC,7,,2,12.06,138.1,4.5,6.8,bust,0,0,1,0,0,0,0,1,250232f4-832f-4d1f-ab0b-5023d71d29af,https://www.thefantasyfootballers.com/2026-ultimate-draft-kit/udk-cheatsheets/
2026,2026-08-31,redraft,The Fear Boners,12,TE,28,7,4,11,0.45,21807,Colby Parkinson,colby-parkinson,LAR,11,,7,21.11,251.4,4.1,4.8,,0,0,0,0,0,0,0,1,250232f4-832f-4d1f-ab0b-5023d71d29af,https://www.thefantasyfootballers.com/2026-ultimate-draft-kit/udk-cheatsheets/
2026,2026-08-31,redraft,The Fear Boners,12,TE,29,7,5,11,0.45,18876,David Njoku,david-njoku,LAC,7,,12,19.08,223.8,5.3,3.9,,0,0,0,0,0,0,0,1,250232f4-832f-4d1f-ab0b-5023d71d29af,https://www.thefantasyfootballers.com/2026-ultimate-draft-kit/udk-cheatsheets/
2026,2026-08-31,redraft,The Fear Boners,12,TE,30,7,6,11,0.45,16964,Darren Waller,darren-waller,CAR,5,,10,,,5,3.8,,0,0,0,0,0,0,0,1,250232f4-832f-4d1f-ab0b-5023d71d29af,https://www.thefantasyfootballers.com/2026-ultimate-draft-kit/udk-cheatsheets/
2026,2026-08-31,redraft,The Fear Boners,12,TE,31,7,7,11,0.45,19853,Mike Gesicki,mike-gesicki,CIN,6,,9,,,3.6,5.6,,0,0,0,0,0,0,0,1,250232f4-832f-4d1f-ab0b-5023d71d29af,https://www.thefantasyfootballers.com/2026-ultimate-draft-kit/udk-cheatsheets/
2026,2026-08-31,redraft,The Fear Boners,12,TE,32,7,8,11,0.45,21772,Cole Kmet,cole-kmet,CHI,10,,7,,,3.5,3.7,,0,0,0,0,0,0,0,1,250232f4-832f-4d1f-ab0b-5023d71d29af,https://www.thefantasyfootballers.com/2026-ultimate-draft-kit/udk-cheatsheets/
2026,2026-08-31,redraft,The Fear Boners,12,TE,33,7,9,11,0.45,25962,Gunnar Helm,gunnar-helm,TEN,9,,2,20.05,233.1,4.2,4.3,,0,0,0,0,0,0,0,1,250232f4-832f-4d1f-ab0b-5023d71d29af,https://www.thefantasyfootballers.com/2026-ultimate-draft-kit/udk-cheatsheets/
2026,2026-08-31,redraft,The Fear Boners,12,TE,34,7,10,11,0.45,18912,Evan Engram,evan-engram,DEN,10,,10,,,4.7,2.8,,0,0,0,0,0,0,0,1,250232f4-832f-4d1f-ab0b-5023d71d29af,https://www.thefantasyfootballers.com/2026-ultimate-draft-kit/udk-cheatsheets/
2026,2026-08-31,redraft,The Fear Boners,12,TE,35,7,11,11,0.45,25970,Terrance Ferguson,terrance-ferguson,LAR,11,,2,18.03,206.5,5.1,4.4,,0,0,0,0,0,0,0,1,250232f4-832f-4d1f-ab0b-5023d71d29af,https://www.thefantasyfootballers.com/2026-ultimate-draft-kit/udk-cheatsheets/
2026,2026-08-31,redraft,The Fear Boners,12,TE,36,8,1,19,0.29,25963,Mason Taylor,mason-taylor,NYJ,13,,2,19.08,224.3,4.1,3.6,,0,0,0,0,0,0,0,1,250232f4-832f-4d1f-ab0b-5023d71d29af,https://www.thefantasyfootballers.com/2026-ultimate-draft-kit/udk-cheatsheets/
2026,2026-08-31,redraft,The Fear Boners,12,TE,37,8,2,19,0.29,23135,Charlie Kolar,charlie-kolar,LAC,7,,5,,,4.3,2.7,,0,0,0,0,0,0,0,1,250232f4-832f-4d1f-ab0b-5023d71d29af,https://www.thefantasyfootballers.com/2026-ultimate-draft-kit/udk-cheatsheets/
2026,2026-08-31,redraft,The Fear Boners,12,TE,38,8,3,19,0.29,23140,Michael Mayer,michael-mayer,LV,13,,4,,,4.8,2.5,,0,0,0,0,0,0,0,1,250232f4-832f-4d1f-ab0b-5023d71d29af,https://www.thefantasyfootballers.com/2026-ultimate-draft-kit/udk-cheatsheets/
2026,2026-08-31,redraft,The Fear Boners,12,TE,39,8,4,19,0.29,20850,Dawson Knox,dawson-knox,BUF,7,,8,,,2.5,2.8,,0,0,0,0,0,0,0,1,250232f4-832f-4d1f-ab0b-5023d71d29af,https://www.thefantasyfootballers.com/2026-ultimate-draft-kit/udk-cheatsheets/
2026,2026-08-31,redraft,The Fear Boners,12,TE,40,8,5,19,0.29,26757,Eli Stowers,eli-stowers,PHI,10,,0,20.11,238.9,6.3,5.3,rookie,0,0,0,0,1,0,0,1,250232f4-832f-4d1f-ab0b-5023d71d29af,https://www.thefantasyfootballers.com/2026-ultimate-draft-kit/udk-cheatsheets/
2026,2026-08-31,redraft,The Fear Boners,12,TE,41,8,6,19,0.29,24150,Luke Musgrave,luke-musgrave,GB,11,,4,,,4.7,3.8,,0,0,0,0,0,0,0,1,250232f4-832f-4d1f-ab0b-5023d71d29af,https://www.thefantasyfootballers.com/2026-ultimate-draft-kit/udk-cheatsheets/
2026,2026-08-31,redraft,The Fear Boners,12,TE,42,8,7,19,0.29,24947,Ja'Tavion Sanders,jatavion-sanders,CAR,5,,3,,,4,3.9,,0,0,0,0,0,0,0,1,250232f4-832f-4d1f-ab0b-5023d71d29af,https://www.thefantasyfootballers.com/2026-ultimate-draft-kit/udk-cheatsheets/
2026,2026-08-31,redraft,The Fear Boners,12,TE,43,8,8,19,0.29,23142,Theo Johnson,theo-johnson,NYG,8,,3,20.04,232.2,4.2,4.8,,0,0,0,0,0,0,0,1,250232f4-832f-4d1f-ab0b-5023d71d29af,https://www.thefantasyfootballers.com/2026-ultimate-draft-kit/udk-cheatsheets/
2026,2026-08-31,redraft,The Fear Boners,12,TE,44,8,9,19,0.29,21785,Noah Gray,noah-gray,KC,5,,6,,,4.3,2.3,,0,0,0,0,0,0,0,1,250232f4-832f-4d1f-ab0b-5023d71d29af,https://www.thefantasyfootballers.com/2026-ultimate-draft-kit/udk-cheatsheets/
2026,2026-08-31,redraft,The Fear Boners,12,TE,45,8,10,19,0.29,22662,Tommy Tremble,tommy-tremble,CAR,5,,6,,,3,3,,0,0,0,0,0,0,0,1,250232f4-832f-4d1f-ab0b-5023d71d29af,https://www.thefantasyfootballers.com/2026-ultimate-draft-kit/udk-cheatsheets/
2026,2026-08-31,redraft,The Fear Boners,12,TE,46,8,11,19,0.29,26032,Elijah Arroyo,elijah-arroyo,SEA,11,,2,,,4.5,4.4,,0,0,0,0,0,0,0,1,250232f4-832f-4d1f-ab0b-5023d71d29af,https://www.thefantasyfootballers.com/2026-ultimate-draft-kit/udk-cheatsheets/
2026,2026-08-31,redraft,The Fear Boners,12,TE,47,8,12,19,0.29,23136,Darnell Washington,darnell-washington,PIT,9,,4,,,4.6,3.1,,0,0,0,0,0,0,0,1,250232f4-832f-4d1f-ab0b-5023d71d29af,https://www.thefantasyfootballers.com/2026-ultimate-draft-kit/udk-cheatsheets/
2026,2026-08-31,redraft,The Fear Boners,12,TE,48,8,13,19,0.29,26753,Max Klare,max-klare,LAR,11,,0,21.09,248.8,5.4,4.6,rookie,0,0,0,0,1,0,0,1,250232f4-832f-4d1f-ab0b-5023d71d29af,https://www.thefantasyfootballers.com/2026-ultimate-draft-kit/udk-cheatsheets/
2026,2026-08-31,redraft,The Fear Boners,12,TE,49,8,14,19,0.29,23662,Jake Tonges,jake-tonges,SF,8,,4,21.01,241.4,4,2.5,,0,0,0,0,0,0,0,1,250232f4-832f-4d1f-ab0b-5023d71d29af,https://www.thefantasyfootballers.com/2026-ultimate-draft-kit/udk-cheatsheets/
2026,2026-08-31,redraft,The Fear Boners,12,TE,50,8,15,19,0.29,24985,Ben Sinnott,ben-sinnott,WAS,7,,3,,,8,5.9,,0,0,0,0,0,0,0,1,250232f4-832f-4d1f-ab0b-5023d71d29af,https://www.thefantasyfootballers.com/2026-ultimate-draft-kit/udk-cheatsheets/
2026,2026-08-31,redraft,The Fear Boners,12,TE,51,8,16,19,0.29,20753,Noah Fant,noah-fant,NO,8,,8,,,4.8,3.3,,0,0,0,0,0,0,0,1,250232f4-832f-4d1f-ab0b-5023d71d29af,https://www.thefantasyfootballers.com/2026-ultimate-draft-kit/udk-cheatsheets/
2026,2026-08-31,redraft,The Fear Boners,12,TE,52,8,17,19,0.29,26943,Nate Boerkircher,nate-boerkircher,JAX,7,,0,,,1,1,rookie,0,0,0,0,1,0,0,1,250232f4-832f-4d1f-ab0b-5023d71d29af,https://www.thefantasyfootballers.com/2026-ultimate-draft-kit/udk-cheatsheets/
2026,2026-08-31,redraft,The Fear Boners,12,TE,53,8,18,19,0.29,26842,Justin Joly,justin-joly,FA,,,0,,,4.5,1,rookie,0,0,0,0,1,0,0,1,250232f4-832f-4d1f-ab0b-5023d71d29af,https://www.thefantasyfootballers.com/2026-ultimate-draft-kit/udk-cheatsheets/
2026,2026-08-31,redraft,The Fear Boners,12,TE,54,8,19,19,0.29,25971,Oscar Delp,oscar-delp,NO,8,,0,,,6.9,3.8,rookie,0,0,0,0,1,0,0,1,250232f4-832f-4d1f-ab0b-5023d71d29af,https://www.thefantasyfootballers.com/2026-ultimate-draft-kit/udk-cheatsheets/
2026,2026-08-31,redraft,The Fear Boners,12,DST,1,,,,,13,Houston Texans,houston-texans,HOU,8,,,,,,,,0,0,0,0,0,0,0,1,250232f4-832f-4d1f-ab0b-5023d71d29af,https://www.thefantasyfootballers.com/2026-ultimate-draft-kit/udk-cheatsheets/
2026,2026-08-31,redraft,The Fear Boners,12,DST,2,,,,,32,Los Angeles Rams,los-angeles-rams,LAR,11,,,,,,,,0,0,0,0,0,0,0,1,250232f4-832f-4d1f-ab0b-5023d71d29af,https://www.thefantasyfootballers.com/2026-ultimate-draft-kit/udk-cheatsheets/
2026,2026-08-31,redraft,The Fear Boners,12,DST,3,,,,,49,Denver Broncos,denver-broncos,DEN,10,,,,,,,,0,0,0,0,0,0,0,1,250232f4-832f-4d1f-ab0b-5023d71d29af,https://www.thefantasyfootballers.com/2026-ultimate-draft-kit/udk-cheatsheets/
2026,2026-08-31,redraft,The Fear Boners,12,DST,4,,,,,90,Seattle Seahawks,seattle-seahawks,SEA,11,,,,,,,,0,0,0,0,0,0,0,1,250232f4-832f-4d1f-ab0b-5023d71d29af,https://www.thefantasyfootballers.com/2026-ultimate-draft-kit/udk-cheatsheets/
2026,2026-08-31,redraft,The Fear Boners,12,DST,5,,,,,26,Philadelphia Eagles,philadelphia-eagles,PHI,10,,,,,,,,0,0,0,0,0,0,0,1,250232f4-832f-4d1f-ab0b-5023d71d29af,https://www.thefantasyfootballers.com/2026-ultimate-draft-kit/udk-cheatsheets/
2026,2026-08-31,redraft,The Fear Boners,12,DST,6,,,,,21,New England Patriots,new-england-patriots,NE,11,,,,,,,,0,0,0,0,0,0,0,1,250232f4-832f-4d1f-ab0b-5023d71d29af,https://www.thefantasyfootballers.com/2026-ultimate-draft-kit/udk-cheatsheets/
2026,2026-08-31,redraft,The Fear Boners,12,DST,7,,,,,67,Minnesota Vikings,minnesota-vikings,MIN,6,,,,,,,,0,0,0,0,0,0,0,1,250232f4-832f-4d1f-ab0b-5023d71d29af,https://www.thefantasyfootballers.com/2026-ultimate-draft-kit/udk-cheatsheets/
2026,2026-08-31,redraft,The Fear Boners,12,DST,8,,,,,52,Jacksonville Jaguars,jacksonville-jaguars,JAX,7,,,,,,,,0,0,0,0,0,0,0,1,250232f4-832f-4d1f-ab0b-5023d71d29af,https://www.thefantasyfootballers.com/2026-ultimate-draft-kit/udk-cheatsheets/
2026,2026-08-31,redraft,The Fear Boners,12,DST,9,,,,,28,Pittsburgh Steelers,pittsburgh-steelers,PIT,9,,,,,,,,0,0,0,0,0,0,0,1,250232f4-832f-4d1f-ab0b-5023d71d29af,https://www.thefantasyfootballers.com/2026-ultimate-draft-kit/udk-cheatsheets/
2026,2026-08-31,redraft,The Fear Boners,12,DST,10,,,,,84,Los Angeles Chargers,los-angeles-chargers,LAC,7,,,,,,,,0,0,0,0,0,0,0,1,250232f4-832f-4d1f-ab0b-5023d71d29af,https://www.thefantasyfootballers.com/2026-ultimate-draft-kit/udk-cheatsheets/
2026,2026-08-31,redraft,The Fear Boners,12,DST,11,,,,,8,Cleveland Browns,cleveland-browns,CLE,11,,,,,,,,0,0,0,0,0,0,0,1,250232f4-832f-4d1f-ab0b-5023d71d29af,https://www.thefantasyfootballers.com/2026-ultimate-draft-kit/udk-cheatsheets/
2026,2026-08-31,redraft,The Fear Boners,12,DST,12,,,,,55,Kansas City Chiefs,kansas-city-chiefs,KC,5,,,,,,,,0,0,0,0,0,0,0,1,250232f4-832f-4d1f-ab0b-5023d71d29af,https://www.thefantasyfootballers.com/2026-ultimate-draft-kit/udk-cheatsheets/
2026,2026-08-31,redraft,The Fear Boners,12,DST,13,,,,,36,Baltimore Ravens,baltimore-ravens,BAL,13,,,,,,,,0,0,0,0,0,0,0,1,250232f4-832f-4d1f-ab0b-5023d71d29af,https://www.thefantasyfootballers.com/2026-ultimate-draft-kit/udk-cheatsheets/
2026,2026-08-31,redraft,The Fear Boners,12,DST,14,,,,,12,Green Bay Packers,green-bay-packers,GB,11,,,,,,,,0,0,0,0,0,0,0,1,250232f4-832f-4d1f-ab0b-5023d71d29af,https://www.thefantasyfootballers.com/2026-ultimate-draft-kit/udk-cheatsheets/
2026,2026-08-31,redraft,The Fear Boners,12,DST,15,,,,,11,Detroit Lions,detroit-lions,DET,6,,,,,,,,0,0,0,0,0,0,0,1,250232f4-832f-4d1f-ab0b-5023d71d29af,https://www.thefantasyfootballers.com/2026-ultimate-draft-kit/udk-cheatsheets/
2026,2026-08-31,redraft,The Fear Boners,12,DST,16,,,,,37,Buffalo Bills,buffalo-bills,BUF,7,,,,,,,,0,0,0,0,0,0,0,1,250232f4-832f-4d1f-ab0b-5023d71d29af,https://www.thefantasyfootballers.com/2026-ultimate-draft-kit/udk-cheatsheets/
2026,2026-08-31,redraft,The Fear Boners,12,DST,17,,,,,2,Atlanta Falcons,atlanta-falcons,ATL,11,,,,,,,,0,0,0,0,0,0,0,1,250232f4-832f-4d1f-ab0b-5023d71d29af,https://www.thefantasyfootballers.com/2026-ultimate-draft-kit/udk-cheatsheets/
2026,2026-08-31,redraft,The Fear Boners,12,DST,18,,,,,93,San Francisco 49ers,san-francisco-49ers,SF,8,,,,,,,,0,0,0,0,0,0,0,1,250232f4-832f-4d1f-ab0b-5023d71d29af,https://www.thefantasyfootballers.com/2026-ultimate-draft-kit/udk-cheatsheets/
2026,2026-08-31,redraft,The Fear Boners,12,DST,19,,,,,75,New York Giants,new-york-giants,NYG,8,,,,,,,,0,0,0,0,0,0,0,1,250232f4-832f-4d1f-ab0b-5023d71d29af,https://www.thefantasyfootballers.com/2026-ultimate-draft-kit/udk-cheatsheets/
2026,2026-08-31,redraft,The Fear Boners,12,DST,20,,,,,14,Indianapolis Colts,indianapolis-colts,IND,13,,,,,,,,0,0,0,0,0,0,0,1,250232f4-832f-4d1f-ab0b-5023d71d29af,https://www.thefantasyfootballers.com/2026-ultimate-draft-kit/udk-cheatsheets/
2026,2026-08-31,redraft,The Fear Boners,12,DST,21,,,,,38,Chicago Bears,chicago-bears,CHI,10,,,,,,,,0,0,0,0,0,0,0,1,250232f4-832f-4d1f-ab0b-5023d71d29af,https://www.thefantasyfootballers.com/2026-ultimate-draft-kit/udk-cheatsheets/
2026,2026-08-31,redraft,The Fear Boners,12,DST,22,,,,,69,New Orleans Saints,new-orleans-saints,NO,8,,,,,,,,0,0,0,0,0,0,0,1,250232f4-832f-4d1f-ab0b-5023d71d29af,https://www.thefantasyfootballers.com/2026-ultimate-draft-kit/udk-cheatsheets/
2026,2026-08-31,redraft,The Fear Boners,12,DST,23,,,,,5,Carolina Panthers,carolina-panthers,CAR,5,,,,,,,,0,0,0,0,0,0,0,1,250232f4-832f-4d1f-ab0b-5023d71d29af,https://www.thefantasyfootballers.com/2026-ultimate-draft-kit/udk-cheatsheets/
2026,2026-08-31,redraft,The Fear Boners,12,DST,24,,,,,48,Dallas Cowboys,dallas-cowboys,DAL,14,,,,,,,,0,0,0,0,0,0,0,1,250232f4-832f-4d1f-ab0b-5023d71d29af,https://www.thefantasyfootballers.com/2026-ultimate-draft-kit/udk-cheatsheets/
2026,2026-08-31,redraft,The Fear Boners,12,DST,25,,,,,95,Tampa Bay Buccaneers,tampa-bay-buccaneers,TB,10,,,,,,,,0,0,0,0,0,0,0,1,250232f4-832f-4d1f-ab0b-5023d71d29af,https://www.thefantasyfootballers.com/2026-ultimate-draft-kit/udk-cheatsheets/
2026,2026-08-31,redraft,The Fear Boners,12,DST,26,,,,,97,Washington Commanders,washington-commanders,WAS,7,,,,,,,,0,0,0,0,0,0,0,1,250232f4-832f-4d1f-ab0b-5023d71d29af,https://www.thefantasyfootballers.com/2026-ultimate-draft-kit/udk-cheatsheets/
2026,2026-08-31,redraft,The Fear Boners,12,DST,27,,,,,64,Miami Dolphins,miami-dolphins,MIA,6,,,,,,,,0,0,0,0,0,0,0,1,250232f4-832f-4d1f-ab0b-5023d71d29af,https://www.thefantasyfootballers.com/2026-ultimate-draft-kit/udk-cheatsheets/
2026,2026-08-31,redraft,The Fear Boners,12,DST,28,,,,,7,Cincinnati Bengals,cincinnati-bengals,CIN,6,,,,,,,,0,0,0,0,0,0,0,1,250232f4-832f-4d1f-ab0b-5023d71d29af,https://www.thefantasyfootballers.com/2026-ultimate-draft-kit/udk-cheatsheets/
2026,2026-08-31,redraft,The Fear Boners,12,DST,29,,,,,34,Tennessee Titans,tennessee-titans,TEN,9,,,,,,,,0,0,0,0,0,0,0,1,250232f4-832f-4d1f-ab0b-5023d71d29af,https://www.thefantasyfootballers.com/2026-ultimate-draft-kit/udk-cheatsheets/
2026,2026-08-31,redraft,The Fear Boners,12,DST,30,,,,,83,Las Vegas Raiders,las-vegas-raiders,LV,13,,,,,,,,0,0,0,0,0,0,0,1,250232f4-832f-4d1f-ab0b-5023d71d29af,https://www.thefantasyfootballers.com/2026-ultimate-draft-kit/udk-cheatsheets/
2026,2026-08-31,redraft,The Fear Boners,12,DST,31,,,,,82,New York Jets,new-york-jets,NYJ,13,,,,,,,,0,0,0,0,0,0,0,1,250232f4-832f-4d1f-ab0b-5023d71d29af,https://www.thefantasyfootballers.com/2026-ultimate-draft-kit/udk-cheatsheets/
2026,2026-08-31,redraft,The Fear Boners,12,DST,32,,,,,1,Arizona Cardinals,arizona-cardinals,ARI,14,,,,,,,,0,0,0,0,0,0,0,1,250232f4-832f-4d1f-ab0b-5023d71d29af,https://www.thefantasyfootballers.com/2026-ultimate-draft-kit/udk-cheatsheets/
2026,2026-08-31,redraft,The Fear Boners,12,K,1,,,,,24902,Brandon Aubrey,brandon-aubrey,DAL,14,31,4,,,,,,0,0,0,0,0,0,0,1,250232f4-832f-4d1f-ab0b-5023d71d29af,https://www.thefantasyfootballers.com/2026-ultimate-draft-kit/udk-cheatsheets/
2026,2026-08-31,redraft,The Fear Boners,12,K,2,,,,,23567,Cameron Dicker,cameron-dicker,LAC,7,26,5,,,,,,0,0,0,0,0,0,0,1,250232f4-832f-4d1f-ab0b-5023d71d29af,https://www.thefantasyfootballers.com/2026-ultimate-draft-kit/udk-cheatsheets/
2026,2026-08-31,redraft,The Fear Boners,12,K,3,,,,,18215,Ka'imi Fairbairn,kaimi-fairbairn,HOU,8,32,11,,,,,,0,0,0,0,0,0,0,1,250232f4-832f-4d1f-ab0b-5023d71d29af,https://www.thefantasyfootballers.com/2026-ultimate-draft-kit/udk-cheatsheets/
2026,2026-08-31,redraft,The Fear Boners,12,K,4,,,,,17215,Jason Myers,jason-myers,SEA,11,35,12,,,,,,0,0,0,0,0,0,0,1,250232f4-832f-4d1f-ab0b-5023d71d29af,https://www.thefantasyfootballers.com/2026-ultimate-draft-kit/udk-cheatsheets/
2026,2026-08-31,redraft,The Fear Boners,12,K,5,,,,,24960,Cam Little,cam-little,JAX,7,23,3,,,,,,0,0,0,0,0,0,0,1,250232f4-832f-4d1f-ab0b-5023d71d29af,https://www.thefantasyfootballers.com/2026-ultimate-draft-kit/udk-cheatsheets/
2026,2026-08-31,redraft,The Fear Boners,12,K,6,,,,,20149,Eddy Piñeiro,eddy-pineiro,SF,8,30,9,,,,,,0,0,0,0,0,0,0,1,250232f4-832f-4d1f-ab0b-5023d71d29af,https://www.thefantasyfootballers.com/2026-ultimate-draft-kit/udk-cheatsheets/
2026,2026-08-31,redraft,The Fear Boners,12,K,7,,,,,26109,Tyler Loop,tyler-loop,BAL,13,25,2,,,,,,0,0,0,0,0,0,0,1,250232f4-832f-4d1f-ab0b-5023d71d29af,https://www.thefantasyfootballers.com/2026-ultimate-draft-kit/udk-cheatsheets/
2026,2026-08-31,redraft,The Fear Boners,12,K,8,,,,,22908,Evan McPherson,evan-mcpherson,CIN,6,27,6,,,,,,0,0,0,0,0,0,0,1,250232f4-832f-4d1f-ab0b-5023d71d29af,https://www.thefantasyfootballers.com/2026-ultimate-draft-kit/udk-cheatsheets/
2026,2026-08-31,redraft,The Fear Boners,12,K,9,,,,,24530,Jake Bates,jake-bates,DET,6,27,3,,,,,,0,0,0,0,0,0,0,1,250232f4-832f-4d1f-ab0b-5023d71d29af,https://www.thefantasyfootballers.com/2026-ultimate-draft-kit/udk-cheatsheets/
2026,2026-08-31,redraft,The Fear Boners,12,K,10,,,,,26106,Andy Borregales,andres-borregales,NE,11,24,2,,,,,,0,0,0,0,0,0,0,1,250232f4-832f-4d1f-ab0b-5023d71d29af,https://www.thefantasyfootballers.com/2026-ultimate-draft-kit/udk-cheatsheets/
2026,2026-08-31,redraft,The Fear Boners,12,K,11,,,,,21542,Chase McLaughlin,chase-mclaughlin,TB,10,30,8,,,,,,0,0,0,0,0,0,0,1,250232f4-832f-4d1f-ab0b-5023d71d29af,https://www.thefantasyfootballers.com/2026-ultimate-draft-kit/udk-cheatsheets/
2026,2026-08-31,redraft,The Fear Boners,12,K,12,,,,,19073,Harrison Butker,harrison-butker,KC,5,31,10,,,,,,0,0,0,0,0,0,0,1,250232f4-832f-4d1f-ab0b-5023d71d29af,https://www.thefantasyfootballers.com/2026-ultimate-draft-kit/udk-cheatsheets/
2026,2026-08-31,redraft,The Fear Boners,12,K,13,,,,,16301,Cairo Santos,cairo-santos,CHI,10,34,13,,,,,,0,0,0,0,0,0,0,1,250232f4-832f-4d1f-ab0b-5023d71d29af,https://www.thefantasyfootballers.com/2026-ultimate-draft-kit/udk-cheatsheets/
2026,2026-08-31,redraft,The Fear Boners,12,K,14,,,,,18478,Wil Lutz,wil-lutz,DEN,10,32,11,,,,,,0,0,0,0,0,0,0,1,250232f4-832f-4d1f-ab0b-5023d71d29af,https://www.thefantasyfootballers.com/2026-ultimate-draft-kit/udk-cheatsheets/
2026,2026-08-31,redraft,The Fear Boners,12,K,15,,,,,25113,Will Reichard,will-reichard,MIN,6,25,3,,,,,,0,0,0,0,0,0,0,1,250232f4-832f-4d1f-ab0b-5023d71d29af,https://www.thefantasyfootballers.com/2026-ultimate-draft-kit/udk-cheatsheets/
2026,2026-08-31,redraft,The Fear Boners,12,K,16,,,,,16191,Chris Boswell,chris-boswell,PIT,9,35,12,,,,,,0,0,0,0,0,0,0,1,250232f4-832f-4d1f-ab0b-5023d71d29af,https://www.thefantasyfootballers.com/2026-ultimate-draft-kit/udk-cheatsheets/
2026,2026-08-31,redraft,The Fear Boners,12,K,17,,,,,25119,Harrison Mevis,harrison-mevis,LAR,11,24,2,,,,,,0,0,0,0,0,0,0,1,250232f4-832f-4d1f-ab0b-5023d71d29af,https://www.thefantasyfootballers.com/2026-ultimate-draft-kit/udk-cheatsheets/
2026,2026-08-31,redraft,The Fear Boners,12,K,18,,,,,19041,Jake Elliott,jake-elliott,PHI,10,31,10,,,,,,0,0,0,0,0,0,0,1,250232f4-832f-4d1f-ab0b-5023d71d29af,https://www.thefantasyfootballers.com/2026-ultimate-draft-kit/udk-cheatsheets/
2026,2026-08-31,redraft,The Fear Boners,12,K,19,,,,,11694,Nick Folk,nick-folk,ATL,11,41,19,,,,,,0,0,0,0,0,0,0,1,250232f4-832f-4d1f-ab0b-5023d71d29af,https://www.thefantasyfootballers.com/2026-ultimate-draft-kit/udk-cheatsheets/
2026,2026-08-31,redraft,The Fear Boners,12,K,20,,,,,24436,Chad Ryland,chad-ryland,ARI,14,26,4,,,,,,0,0,0,0,0,0,0,1,250232f4-832f-4d1f-ab0b-5023d71d29af,https://www.thefantasyfootballers.com/2026-ultimate-draft-kit/udk-cheatsheets/
2026,2026-08-31,redraft,The Fear Boners,12,K,21,,,,,21519,Joey Slye,joey-slye,TEN,9,30,8,,,,,,0,0,0,0,0,0,0,1,250232f4-832f-4d1f-ab0b-5023d71d29af,https://www.thefantasyfootballers.com/2026-ultimate-draft-kit/udk-cheatsheets/
2026,2026-08-31,redraft,The Fear Boners,12,K,22,,,,,22108,Tyler Bass,tyler-bass,BUF,7,29,7,,,,,,0,0,0,0,0,0,0,1,250232f4-832f-4d1f-ab0b-5023d71d29af,https://www.thefantasyfootballers.com/2026-ultimate-draft-kit/udk-cheatsheets/
2026,2026-08-31,redraft,The Fear Boners,12,K,23,,,,,26108,Ryan Fitzgerald,ryan-fitzgerald,CAR,5,26,2,,,,,,0,0,0,0,0,0,0,1,250232f4-832f-4d1f-ab0b-5023d71d29af,https://www.thefantasyfootballers.com/2026-ultimate-draft-kit/udk-cheatsheets/
2026,2026-08-31,redraft,The Fear Boners,12,K,24,,,,,28107,Trey Smack,trey-smack,GB,11,23,0,,,,,,0,0,0,0,0,0,0,1,250232f4-832f-4d1f-ab0b-5023d71d29af,https://www.thefantasyfootballers.com/2026-ultimate-draft-kit/udk-cheatsheets/
2026,2026-08-31,redraft,The Fear Boners,12,K,25,,,,,20033,Jason Sanders,jason-sanders,NYJ,13,30,9,,,,,,0,0,0,0,0,0,0,1,250232f4-832f-4d1f-ab0b-5023d71d29af,https://www.thefantasyfootballers.com/2026-ultimate-draft-kit/udk-cheatsheets/
2026,2026-08-31,redraft,The Fear Boners,12,K,26,,,,,24575,Andre Szmyt,andre-szmyt,CLE,11,27,2,,,,,,0,0,0,0,0,0,0,1,250232f4-832f-4d1f-ab0b-5023d71d29af,https://www.thefantasyfootballers.com/2026-ultimate-draft-kit/udk-cheatsheets/
2026,2026-08-31,redraft,The Fear Boners,12,K,27,,,,,20769,Matt Gay,matt-gay,LV,13,32,7,,,,,,0,0,0,0,0,0,0,1,250232f4-832f-4d1f-ab0b-5023d71d29af,https://www.thefantasyfootballers.com/2026-ultimate-draft-kit/udk-cheatsheets/
2026,2026-08-31,redraft,The Fear Boners,12,K,28,,,,,19989,Daniel Carlson,daniel-carlson,NO,8,31,9,,,,,,0,0,0,0,0,0,0,1,250232f4-832f-4d1f-ab0b-5023d71d29af,https://www.thefantasyfootballers.com/2026-ultimate-draft-kit/udk-cheatsheets/
2026,2026-08-31,redraft,The Fear Boners,12,K,29,,,,,25403,Spencer Shrader,spencer-shrader,IND,13,27,3,,,,,,0,0,0,0,0,0,0,1,250232f4-832f-4d1f-ab0b-5023d71d29af,https://www.thefantasyfootballers.com/2026-ultimate-draft-kit/udk-cheatsheets/
2026,2026-08-31,redraft,The Fear Boners,12,K,30,,,,,28113,Dominic Zvada,dominic-zvada,NYG,8,22,0,,,,,,0,0,0,0,0,0,0,1,250232f4-832f-4d1f-ab0b-5023d71d29af,https://www.thefantasyfootballers.com/2026-ultimate-draft-kit/udk-cheatsheets/
2026,2026-08-31,redraft,The Fear Boners,12,K,31,,,,,28108,Drew Stevens,drew-stevens,WAS,7,22,0,,,,,,0,0,0,0,0,0,0,1,250232f4-832f-4d1f-ab0b-5023d71d29af,https://www.thefantasyfootballers.com/2026-ultimate-draft-kit/udk-cheatsheets/
2026,2026-08-31,redraft,The Fear Boners,12,K,32,,,,,22863,Riley Patterson,riley-patterson,MIA,6,27,6,,,,,,0,0,0,0,0,0,0,1,250232f4-832f-4d1f-ab0b-5023d71d29af,https://www.thefantasyfootballers.com/2026-ultimate-draft-kit/udk-cheatsheets/
